Attorney Name,Number of Cases,Guilty,Not Guilty,Dismissed,Other,Success Rate
JENNIFER  PRITCHARD,28,0,0,29,88,24.79%
ERIC M LEVY,41,0,0,25,174,12.56%
FRANCIS A GORCZYCA,9,0,0,9,62,12.68%
RACHELLE D. SUMMERS,76,0,0,63,291,17.80%
JOSEPH V PAGANO,44,0,0,46,233,16.49%
DARYL T DENNIE,58,0,0,44,244,15.28%
JAMES J MCDONNELL,41,0,0,67,168,28.51%
ASHLEE  MCLAUGHLIN,27,0,0,22,82,21.15%
MICHAEL V. HEFFERNAN,56,0,0,57,190,23.08%
MICHAEL H PETERSON,10,0,0,9,39,18.75%
OSCAR E RODRIGUEZ,52,0,0,72,238,23.23%
ANTONIO S. NICHOLSON,20,0,0,24,62,27.91%
RICK L. FERRARA,4,0,0,7,13,35.00%
DEANNA  ROBERTSON,49,0,0,56,204,21.54%
CHRISTOPHER  MAHER,52,0,0,57,199,22.27%
SHEILA  DOWNS,59,0,0,54,230,19.01%
DANIEL M. TIRFAGNEHU,60,0,0,63,232,21.36%
CHRISTOPHER  MCNEAL,38,0,0,42,142,22.83%
MICHAEL J GOLDBERG,38,0,0,80,167,32.39%
J MICHAEL  GOLDBERG,3,0,0,5,35,12.50%
VICTORIA L KEKEL,5,0,0,4,15,21.05%
MARK  SPADARO,79,0,0,66,306,17.74%
MARC G DOUMBAS,20,0,0,18,69,20.69%
DAVID H BROWN,88,0,0,80,302,20.94%
WALTER H. EDWARDS JR.,72,0,0,111,276,28.68%
MARY JO TIPPING,50,0,0,42,173,19.53%
KEVIN M CAFFERKEY,59,0,0,60,220,21.43%
SEAN  BUCHANAN,67,0,0,82,254,24.40%
MARY CATHERINE CORRIGAN,45,0,0,70,176,28.46%
BRIAN R MCGRAW,5,0,0,8,12,40.00%
THOMAS M SHAUGHNESSY,84,0,0,149,312,32.32%
SEAN M SWEENEY,45,0,0,37,177,17.29%
JOSEPH J. LONARDO,45,0,0,77,197,28.10%
JEFFREY S RICHARDSON,62,0,0,90,271,24.93%
RACHEL A BERMAN,54,0,0,39,220,15.06%
ISSA M. ELKHATIB,23,0,0,19,81,19.00%
J CHARLES  RUIZ-BUENO,27,0,0,26,93,21.85%
DANIEL J MISIEWICZ,52,0,0,74,216,25.52%
ANTHONY  ALTO,53,0,0,52,173,23.11%
JEFF  GARDNER,62,0,0,45,253,15.10%
NANCY T JAMIESON,77,0,0,83,312,21.01%
PAUL E. MEYER,3,0,0,1,8,11.11%
MARK A DEFRANCO,54,0,0,38,173,18.01%
TRACY MARTIN PEEBLES,40,0,0,32,124,20.51%
JAYE M SCHLACHET,81,0,0,94,332,22.07%
RICHARD A NEFF,51,0,0,45,170,20.93%
BRITT  NEWMAN,57,0,0,51,195,20.73%
HANNAH  MAHAFFEY,3,0,0,2,9,18.18%
CRAIG T WEINTRAUB,22,0,0,20,107,15.75%
AUDREY  DEL VALLE,59,0,0,81,222,26.73%
MATTHEW C. BANGERTER,6,0,0,2,17,10.53%
MARCUS S SIDOTI,23,0,0,25,113,18.12%
CRAIG W. SMOTZER,115,0,0,151,419,26.49%
W SCOTT RAMSEY,74,0,0,66,365,15.31%
BRIAN  RADIGAN,74,0,0,86,277,23.69%
"EDWARD F. BORKOWSKI, JR.",7,0,0,2,27,6.90%
TIMOTHY J KUCHARSKI,43,0,0,44,158,21.78%
PUBLIC  DEFENDER,219,0,0,195,853,18.61%
DAVID  TANNEHILL,52,0,0,50,193,20.58%
WILLIAM C SHAUGHNESSY,118,0,0,120,419,22.26%
ALLISON F HIBBARD,23,0,0,28,101,21.71%
GREGORY SCOTT ROBEY,14,0,0,9,68,11.69%
JONATHAN M MCDONALD,19,0,0,16,55,22.54%
CAROLYN KAYE RANKE,25,0,0,38,121,23.90%
JEFFREY A SHIVELY,49,0,0,35,148,19.13%
BRET  JORDAN,68,0,0,74,333,18.18%
FERNANDO  MACK,62,0,0,84,292,22.34%
RALPH T DEFRANCO,6,0,0,15,18,45.45%
P. ANDREW BAKER,21,0,0,19,82,18.81%
JAMES A LEVIN,12,0,0,6,40,13.04%
BRANDON  SUMMERS,63,0,0,49,199,19.76%
KELLY  ZACHARIAS,4,0,0,8,15,34.78%
PATRICK  LEARY,36,0,0,38,187,16.89%
KEVIN T MCFAUL,18,0,0,29,57,33.72%
TIMOTHY E. HUBER,64,0,0,65,226,22.34%
ADAM  PARKER,23,0,0,24,80,23.08%
JOHN J. SPELLACY,1,0,0,0,5,0.00%
LINDA V. GONZALEZ,59,0,0,45,215,17.31%
CHARLES M MORGAN,58,0,0,44,255,14.72%
JOSEPH D. BUCKLEY,65,0,0,48,258,15.69%
FALLON  RADIGAN,94,0,0,105,309,25.36%
SEAN P. MOORE,53,0,0,46,201,18.62%
ANDUENA  DOBROSHI,66,0,0,67,250,21.14%
MELANIE F. WOMER,1,0,0,0,2,0.00%
CARLOS K JOHNSON,70,0,0,71,298,19.24%
"CARLOS KIRT JOHNSON, JR.",6,0,0,5,27,15.62%
JAMES S BESENYEI,61,0,0,56,219,20.36%
"ROSEL C. HURLEY, III",6,0,0,9,17,34.62%
ROBERT  CAMPBELL,1,0,0,9,5,64.29%
MICHAEL  LISK,56,0,0,58,203,22.22%
BRIAN  HOFFMAN,18,0,0,15,72,17.24%
PATRICIA  LONDON,73,0,0,68,273,19.94%
NATALIE  LASZCZ,38,0,0,28,116,19.44%
BRIAN D. KRAFT,62,0,0,73,231,24.01%
ADRIENNE  CAVENDER,36,0,0,14,142,8.97%
THOMAS E SHAUGHNESSY,87,0,0,122,444,21.55%
ANDREW  SCHRIVER,25,0,0,28,82,25.45%
KEVIN M SPELLACY,60,0,0,63,306,17.07%
KIRAN KOVOOR MIKHAIEL,29,0,0,18,102,15.00%
ROBERT A DIXON,27,0,0,23,129,15.13%
LAURA T. JONES,22,0,0,40,63,38.83%
CHARLES  KOZELKA,43,0,0,44,167,20.85%
THOMAS  J KELLY,10,0,0,2,39,4.88%
MARK  MARIOTTI,12,0,0,27,42,39.13%
GAYL  BERGER,16,0,0,13,55,19.12%
G MICHAEL  GOINS,11,0,0,16,49,24.62%
MORGAN L PIRC,61,0,0,63,276,18.58%
CAL E CUMPSTONE,35,0,0,27,131,17.09%
JOSEPH P MORSE,45,0,0,43,164,20.77%
BRIAN M TAUBMAN,25,0,0,23,88,20.72%
JEFFERY S BROWN,2,0,0,1,7,12.50%
ZACHARY  HUMPHREY,38,0,0,51,154,24.88%
TIMOTHY A HESS,28,0,0,14,93,13.08%
LAUREN  ESARCO,74,0,0,71,276,20.46%
JAMES J HOFELICH,63,0,0,50,243,17.06%
MAXWELL  MARTIN,56,0,0,88,245,26.43%
SCOTT J. FRIEDMAN,15,0,0,8,46,14.81%
ASHLEY L JONES,30,0,0,43,108,28.48%
ANNA MARIE DEGARMO,9,0,0,7,26,21.21%
"JOHN P HILDEBRAND, SR.",10,0,0,12,30,28.57%
BRION P. STENGER,6,0,0,2,20,9.09%
RACHEL M. KALAYJIAN,55,0,0,35,187,15.77%
KELSEY  TAYLOR,67,0,0,53,285,15.68%
TIMOTHY J RILEY,10,0,0,9,30,23.08%
JEFFREY  FROUDE,1,0,0,1,2,33.33%
JASON G HALLER,25,0,0,18,109,14.17%
HECTOR G MARTINEZ,7,0,0,3,18,14.29%
AMIR  GHOLIZADEH,10,0,0,7,32,17.95%
CHRISTINE M JULIAN,61,0,0,57,224,20.28%
JOHN F CORRIGAN,1,0,0,3,2,60.00%
HENRY J HILOW,32,0,0,25,139,15.24%
STEPHEN G ALBENZE,1,0,0,3,2,60.00%
EDWARD R LA RUE,8,0,0,7,39,15.22%
MYRON P WATSON,39,0,0,38,184,17.12%
ROD R MASTANDREA,27,0,0,14,99,12.39%
DIANA G NASSAR,39,0,0,47,142,24.87%
MAUREEN  DIXON,8,0,0,10,26,27.78%
JAMES E KOVAC,4,0,0,1,14,6.67%
VALERIE R ARBIE-MCCLELLAND,54,0,0,66,207,24.18%
MITCHELL J YELSKY,28,0,0,17,106,13.82%
JOHN P LUSKIN,53,0,0,57,217,20.80%
ARLEESHA  WILSON,2,0,0,1,8,11.11%
BRANDON  POKERSNIK,2,0,0,1,5,16.67%
MARK R MARSHALL,16,0,0,12,64,15.79%
GRANT  MACKAY,27,0,0,37,106,25.87%
ROBERT E DAVIS,1,0,0,2,5,28.57%
LESLIE  JOHNS,33,0,0,21,113,15.67%
KEN  RUBENSTEIN,22,0,0,14,62,18.42%
SHIRLEY M ASALE,10,0,0,9,34,20.93%
"JOHN J READY,JR",49,0,0,31,148,17.32%
CARL  SULLIVAN,51,0,0,68,225,23.21%
CHARLES B LAZZARO,15,0,0,11,49,18.33%
ROBERT H WILLIAMS,6,0,0,6,30,16.67%
ROBERT BLANSHARD MCCALEB,6,0,0,4,22,15.38%
JENNIFER  MCTERNAN,29,0,0,21,86,19.63%
AUTUMN  BASIL,36,0,0,35,139,20.11%
SCOTT R HURLEY,44,0,0,37,164,18.41%
JOHN T PARIS,6,0,0,12,17,41.38%
HANS C KUENZI,1,0,0,0,4,0.00%
RAEMARIE C RINI,6,0,0,5,18,21.74%
CHERYL A HAYNES,20,0,0,26,57,31.33%
DEREK  SMITH,5,0,0,18,20,47.37%
KATELYN  PRUCHNICKI,4,0,0,2,19,9.52%
JOSHUA R. BARNHIZER,40,0,0,28,180,13.46%
CHRISTOPHER M KELLEY,42,0,0,32,154,17.20%
PHILIP J KOREY,6,0,0,1,24,4.00%
WILLIAM  NORMAN,15,0,0,4,85,4.49%
LAWRENCE R FLOYD,9,0,0,7,66,9.59%
MICHAEL I MAREIN,43,0,0,57,136,29.53%
JONATHAN A. BARTELL,4,0,0,8,12,40.00%
JAMES E VALENTINE,12,0,0,3,46,6.12%
DEAN A COLOVAS,2,0,0,0,7,0.00%
KENAN E. MACK,22,0,0,17,92,15.60%
MICHAEL T FISHER,9,0,0,12,34,26.09%
WESLEY ALTON JOHNSTON,6,0,0,2,17,10.53%
TYRESHA  BROWN-O'NEAL,7,0,0,6,24,20.00%
ALEXANDER  UGOLINI,18,0,0,17,68,20.00%
FRANCIS  ARINZE,46,0,0,17,168,9.19%
PAUL M SHIPP,5,0,0,2,18,10.00%
JOHN B GIBBONS,38,0,0,25,180,12.20%
D. COLEMAN BOND,1,0,0,0,5,0.00%
DENNIS N LOCONTI,10,0,0,10,39,20.41%
GARY H LEVINE,18,0,0,26,64,28.89%
AARON T. BAKER,4,0,0,1,20,4.76%
STEPHANIE  ANDERSON,2,0,0,1,8,11.11%
AARON  SCHWARTZ,17,0,0,24,67,26.37%
RICHARD A. NEFF,1,0,0,1,3,25.00%
STEVEN L BRADLEY,22,0,0,43,92,31.85%
BENJAMIN  WILLIAMS,12,0,0,3,42,6.67%
GREGORY M TROYAN,18,0,0,6,62,8.82%
THOMAS G DEFRANCO,1,0,0,1,4,20.00%
MARY JO HANSON,2,0,0,3,9,25.00%
JOHN A POWERS,19,0,0,4,72,5.26%
DONALD  BUTLER,20,0,0,20,65,23.53%
DAVID C SHELDON,1,0,0,0,8,0.00%
JAMES R WISE,1,0,0,0,2,0.00%
PABLO A CASTRO,28,0,0,25,93,21.19%
CHRISTOPHER A GODINSKY,26,0,0,19,99,16.10%
RACHELLE M. SMITH,3,0,0,4,7,36.36%
JUSTIN  WEATHERLY,11,0,0,25,38,39.68%
GEORGE E. KENNETT,3,0,0,4,6,40.00%
DEANGELO  LITTLE,57,0,0,62,185,25.10%
PATRICK  DICHIRO,3,0,0,13,21,38.24%
MICHAEL  STEPANIK,3,0,0,0,10,0.00%
DONALD C WILLIAMS,12,0,0,5,41,10.87%
JAMES M KERSEY,8,0,0,14,30,31.82%
FRANK  CAVALLO,4,0,0,4,14,22.22%
LISA M RANKIN,5,0,0,6,22,21.43%
RUFUS  SIMS,15,0,0,17,53,24.29%
HARVEY B BRUNER,12,0,0,8,51,13.56%
WESLEY A DUMAS,27,0,0,23,104,18.11%
SARAH  HONIG KHOURI,11,0,0,6,53,10.17%
JAMES P KOSCIANSKI,8,0,0,11,39,22.00%
SAM  THOMAS,3,0,0,4,8,33.33%
FRED D MIDDLETON,7,0,0,2,25,7.41%
ANDY  PETROPOULEAS,31,0,0,42,136,23.60%
JOHN J READY,2,0,0,3,4,42.86%
PERRY M. KENDALL JR.,4,0,0,7,15,31.82%
JAMES A HOFELICH,2,0,0,0,6,0.00%
NICHOLAS G HADDAD,29,0,0,18,93,16.22%
CHRISTOPHER J MOORE,1,0,0,2,3,40.00%
VINCENT I. PACETTI,11,0,0,14,31,31.11%
GINA M CRAWFORD,9,0,0,3,28,9.68%
MEGAN  WALSH,6,0,0,2,25,7.41%
KYLE  DILLON,40,0,0,35,139,20.11%
CHRISTOPHER W ROBERSON,2,0,0,3,7,30.00%
RUSSELL S BENSING,1,0,0,0,3,0.00%
CATHERINE  MEEHAN,10,0,0,11,66,14.29%
JAMES H BANKS,1,0,0,1,2,33.33%
PAUL  KUZMINS,16,0,0,18,79,18.56%
AARON J. BROCKLER,25,0,0,27,107,20.15%
CHRISTOPHER G. THOMARIOS,2,0,0,2,9,18.18%
LIAM P. BYRNE,18,0,0,17,62,21.52%
JOSEPH A PFUNDSTEIN,4,0,0,2,9,18.18%
J DAVID  INGERSOLL,3,0,0,2,15,11.76%
LINDA  HRICKO,21,0,0,10,92,9.80%
EDWIN J VARGAS,12,0,0,17,46,26.98%
BRIAN W SHARKIN,1,0,0,0,4,0.00%
ALLISON S BRENEMAN,37,0,0,28,146,16.09%
TIFFANY A HILL,1,0,0,1,3,25.00%
ERIKA B. CUNLIFFE,16,0,0,18,73,19.78%
SUSAN J MORAN,46,0,0,60,174,25.64%
SCOTT  CLAUSSEN,12,0,0,13,39,25.00%
JOHN JOSEPH DOWELL,34,0,0,32,121,20.92%
FRANKLIN T TRIOZZI,33,0,0,33,106,23.74%
CLARISSA  SMITH,34,0,0,22,189,10.43%
ANNE D VENEZIANO,1,0,0,0,10,0.00%
RONALD S SPEARS,1,0,0,0,2,0.00%
EDWARD M MULLIN,28,0,0,19,134,12.42%
BRIAN M FALLON,14,0,0,27,71,27.55%
SAGAN  KAHLER,5,0,0,6,16,27.27%
LESLIE S. JOHNSON,1,0,0,0,6,0.00%
HUGH D MCDANIEL III,1,0,0,0,2,0.00%
BRANT N DICHIERA,9,0,0,41,61,40.20%
GINO  PULITO,1,0,0,0,5,0.00%
ERIN R FLANAGAN,1,0,0,0,3,0.00%
RONALD J O'LEARY,1,0,0,0,2,0.00%
ISAIAH  PINCKNEY III,1,0,0,0,3,0.00%
JAMES L HARDIMAN,3,0,0,6,22,21.43%
KENNETH D MYERS,1,0,0,1,2,33.33%
ELIZABETH A MEERS,6,0,0,3,25,10.71%
JAMES W REARDON,4,0,0,8,17,32.00%
MARK  IMMORMINO,5,0,0,4,12,25.00%
CHRISTOPHER  RIVERO,18,0,0,11,58,15.94%
STEVEN  GAULDING,7,0,0,9,21,30.00%
RICHARD D MCCLURE,1,0,0,0,2,0.00%
ALAN H KRAUS,1,0,0,0,3,0.00%
MICHAEL V. WILHELM,1,0,0,0,3,0.00%
ALISSA R BARBOSKY,36,0,0,23,122,15.86%
JAIME P. SERRAT,1,0,0,1,2,33.33%
RYAN  HADDOX,3,0,0,1,7,12.50%
JAMES A JENKINS,28,0,0,29,113,20.42%
EDWARD O PALM,2,0,0,0,5,0.00%
GINA  VILLA,10,0,0,1,38,2.56%
JAMES EDWARD KOCKA,15,0,0,6,72,7.69%
DONALD S TITTLE,2,0,0,1,4,20.00%
MARY ELAINE HALL,7,0,0,8,25,24.24%
ROBERT  SMITH,6,0,0,18,18,50.00%
NATHANIEL G SZEP,33,0,0,61,119,33.89%
CHARLYN  BOHLAND,2,0,0,13,6,68.42%
EDELE  PASSALACQUA,19,0,0,14,69,16.87%
ISSAC TOM MONAH,5,0,0,2,15,11.76%
BERT L ROSE,1,0,0,0,2,0.00%
JACK S MALKIN,1,0,0,2,2,50.00%
JOSEPH B ROSE III,1,0,0,2,2,50.00%
DAVID L GRANT,5,0,0,8,25,24.24%
RACHEL A KOPEC,3,0,0,9,24,27.27%
JASON  HARLESS,4,0,0,0,15,0.00%
PATRICK S LAVELLE,9,0,0,4,32,11.11%
THOMAS G KELLEY,1,0,0,0,2,0.00%
ANTHONY C. NICHOLSON,1,0,0,0,8,0.00%
MICHAEL P MALONEY,3,0,0,1,15,6.25%
CHRISTINA  BRUECK,2,0,0,0,12,0.00%
ANTHONY T MALLOY,1,0,0,0,3,0.00%
MADELYN J. GRANT,5,0,0,0,25,0.00%
DANIEL P LANG,1,0,0,0,3,0.00%
BRIAN J SMITH,6,0,0,9,20,31.03%
JOHN A SIVINSKI,5,0,0,7,17,29.17%
MADISON  KARN,1,0,0,0,2,0.00%
CONNOR  MARTENS,1,0,0,0,2,0.00%
WILLIAM E MOONEY,2,0,0,2,8,20.00%
WILLIAM J MOONEY,1,0,0,2,3,40.00%
CHARLES E FEUER,7,0,0,9,22,29.03%
/  PRO SE,9,0,0,4,34,10.53%
WILLIAM D MASON,9,0,0,7,34,17.07%
CATHERINE  PURDUM,6,0,0,10,64,13.51%
MATTHEW E. STERATORE,10,0,0,7,33,17.50%
KATARINA E. JOHNSTON,1,0,0,0,2,0.00%
LARRY W ZUKERMAN,4,0,0,2,24,7.69%
JOHN E. JACKSON,3,0,0,17,9,65.38%
ADAM M VAN HO,2,0,0,13,35,27.08%
STEPHEN  MCGOWAN,2,0,0,0,6,0.00%
"JOHN D. MIZANIN, JR.",6,0,0,3,18,14.29%
MICHAEL J O'SHEA,1,0,0,0,3,0.00%
NEIL W SIEGEL,3,0,0,0,13,0.00%
ERIC C NEMECEK,2,0,0,1,11,8.33%
ANTHONY  BAKER,4,0,0,9,16,36.00%
BRIAN C SALVAGNI,1,0,0,0,6,0.00%
GREGORY A GENTILE,4,0,0,1,10,9.09%
PATRICIA L WINFIELD,2,0,0,3,8,27.27%
MARK E. PORTER,4,0,0,3,10,23.08%
JACOB B. MARGOLIS,41,0,0,17,139,10.90%
LYDIA E SPRAGIN,2,0,0,1,8,11.11%
ROBERT  BOTNICK,13,0,0,7,55,11.29%
AMANDA M HALL-BIZUB,12,0,0,10,39,20.41%
CHARLES A SWANSON,1,0,0,1,2,33.33%
SAM A ZINGALE,1,0,0,0,3,0.00%
JOHN P. BACEVICE,1,0,0,2,2,50.00%
RAYMOND J. COATOAM,2,0,0,0,5,0.00%
JASON  DAVIDOFF,2,0,0,8,8,50.00%
LON'CHERIE'  BILLINGSLEY,1,0,0,1,3,25.00%
NOELLE A POWELL,4,0,0,7,34,17.07%
KIMBERLY  KENDALL CORRAL,5,0,0,9,24,27.27%
ALLEN C. HUFFORD,3,0,0,0,8,0.00%
MORGAN R CARUSO,9,0,0,7,30,18.92%
BRAD S WOLFE,8,0,0,6,33,15.38%
PAUL M FRIEDMAN,1,0,0,0,3,0.00%
SOPHIA ROSE WADE HULEN,1,0,0,0,2,0.00%
EDWARD M HEINDEL,5,0,0,4,13,23.53%
IAN N FRIEDMAN,2,0,0,1,5,16.67%
STEPHANIE  MCNEAL,15,0,0,15,66,18.52%
MICHAEL P DUNHAM,5,0,0,3,13,18.75%
ASHLEY CHRISTINE STEBBINS,2,0,0,2,20,9.09%
MICHAEL L NELSON,5,0,0,3,22,12.00%
MARK A KAISER,1,0,0,1,3,25.00%
JUSTIN  KERR,5,0,0,21,19,52.50%
ASHLEY  KEITH-PHILLIPS,1,0,0,0,4,0.00%
"STANLEY  JACKSON, JR.",2,0,0,5,7,41.67%
CHRIS  MAHER,1,0,0,0,5,0.00%
CHRISTOPHER  PIAZZA,7,0,0,7,23,23.33%
MICHAEL G. POLITO,11,0,0,18,35,33.96%
CARLY L SNAVELY,2,0,0,0,23,0.00%
SAMUEL W BASTA,2,0,0,0,10,0.00%
SUZANNE K HORRIGAN,3,0,0,2,7,22.22%
A DALE  NATICCHIA,1,0,0,0,4,0.00%
LIZA MARIE LANGDON,1,0,0,0,2,0.00%
MATTHEW A. MISHAK,1,0,0,1,3,25.00%
JOCELYN  CONWELL,3,0,0,0,11,0.00%
JOSEPH A DUBYAK,2,0,0,2,8,20.00%
CORY  HINTON,1,0,0,0,8,0.00%
MATTHEW O WILLIAMS,6,0,0,3,16,15.79%
CHRISTINA F LONDRICO,5,0,0,3,21,12.50%
DEXTER W CLARK,3,0,0,3,9,25.00%
JOSEPH A KOCHIS,1,0,0,5,3,62.50%
TOM  LAMPMAN,2,0,0,2,6,25.00%
MARK D MCGRAW,1,0,0,0,4,0.00%
CHARLES RUIZ BUENO,1,0,0,6,3,66.67%
ASHLYN  CARROLL,32,0,0,19,130,12.75%
SOFIA  TEREN,4,0,0,2,10,16.67%
ZEN  CANADAY,26,0,0,5,91,5.21%
ALAN S LEVINE,1,0,0,3,2,60.00%
RICHARD E HACKERD,1,0,0,3,2,60.00%
WILLIAM  LIVINGSTON,2,0,0,2,4,33.33%
ROBERT G WALTON,3,0,0,5,10,33.33%
PATRICK D QUINN,5,0,0,8,18,30.77%
ADAM  BROWN,6,0,0,1,31,3.12%
BRIAN A. MURRAY,1,0,0,0,2,0.00%
LEIF  CHRISTMAN,16,0,0,6,65,8.45%
JOHN S SALEM,1,0,0,0,6,0.00%
JOSEPH F RUSSO,4,0,0,4,15,21.05%
SAMUEL R. SMITH,8,0,0,10,21,32.26%
JAMES E TAVENS,1,0,0,1,5,16.67%
DOUGLAS W MERRILL,2,0,0,0,22,0.00%
DEAN M VALORE,2,0,0,1,10,9.09%
REGIS E MCGANN,3,0,0,4,8,33.33%
JONATHAN N GARVER,2,0,0,2,6,25.00%
JOHN  KOPASAKIS,2,0,0,1,14,6.67%
RUSSELL W TYE,2,0,0,7,8,46.67%
J. REID YODER,1,0,0,0,19,0.00%
THERESE M. WEBB,2,0,0,3,8,27.27%
ROCHELLE M LICATA,1,0,0,0,2,0.00%
MICHAEL J. KINLIN,2,0,0,4,9,30.77%
RICHARD H. BLAKE,1,0,0,0,3,0.00%
JOSEPH  GRANDINETTI,2,0,0,2,7,22.22%
RONALD A ANNOTICO,1,0,0,0,3,0.00%
RONALD E FALCONI,1,0,0,4,3,57.14%
PATRICK M. FARRELL,2,0,0,7,4,63.64%
MICHAEL T JUDY,2,0,0,6,8,42.86%
PATRICK JAMES SENNISH,1,0,0,0,9,0.00%
BRITTANY  ALDRICH,8,0,0,0,38,0.00%
MAXWELL Y. PELTZ,1,0,0,0,14,0.00%
VICTORIA  FERRY,2,0,0,31,9,77.50%
JAMES  ALEXANDER,1,0,0,0,2,0.00%
JOSEPH C PATITUCE,3,0,0,0,31,0.00%
TYLER J. WALCHANOWICZ,3,0,0,1,13,7.14%
ERIC F. LONG,4,0,0,1,12,7.69%
SEAN  DRAKE,1,0,0,0,5,0.00%
MARK R MAJER,9,0,0,7,35,16.67%
RICHARD J PEREZ,1,0,0,0,4,0.00%
JUSTIN C HASKAMP,1,0,0,1,3,25.00%
THOMAS D. CORRIGAN,1,0,0,0,3,0.00%
JOHN T. MARTIN,3,0,0,7,13,35.00%
JAMES S JONES,5,0,0,14,20,41.18%
TODD W NEWKIRK,1,0,0,0,2,0.00%
JAMES R WILLIS,4,0,0,3,14,17.65%
DAVID N PATTERSON,2,0,0,0,6,0.00%
MICHAEL  HUSTICK,1,0,0,4,3,57.14%
LAWRENCE R. ACTON,1,0,0,2,4,33.33%
NICHOLAS R. OLESKI,1,0,0,2,4,33.33%
"PATRICK P LENEGHAN, JR.",1,0,0,2,4,33.33%
THOMAS J KRAUS,2,0,0,0,9,0.00%
LOUIS E. GRUBE,2,0,0,0,9,0.00%
MICHAEL A KENNY,2,0,0,1,12,7.69%
ANDREW J WIDES,1,0,0,0,2,0.00%
KIRK A MCVAY,2,0,0,0,12,0.00%
MARIA  ROMITO,5,0,0,8,18,30.77%
ANTHONY J BONDRA,6,0,0,1,27,3.57%
KELLEY R. TAURING,1,0,0,0,6,0.00%
JOHN L LEMIEUX,2,0,0,0,4,0.00%
MALCOLM S DOUGLAS,1,0,0,2,4,33.33%
TIMOTHY F SWEENEY,1,0,0,0,3,0.00%
MICHAEL A HELLER,1,0,0,2,3,40.00%
ANTHONY D JORDAN,3,0,0,9,24,27.27%
WILLIAM D. MASON,1,0,0,0,10,0.00%
PAUL B DAIKER,3,0,0,2,8,20.00%
JOHN D ZALIC,1,0,0,0,2,0.00%
KENDRA  DAVITT,1,0,0,0,1,0.00%
WALTER A LUCAS,1,0,0,0,2,0.00%
ANGELA THI BENNETT,1,0,0,0,2,0.00%
FAITH  EDWARDS,1,0,0,8,3,72.73%
ANDREW  ORTNER,1,0,0,0,4,0.00%
HEATHER  MCCOLLOUGH,3,0,0,0,16,0.00%
MICHAELLA  POLVERINI,3,0,0,3,9,25.00%
JENNIFER L GRAY,5,0,0,0,21,0.00%
SHARLENE A RAMSEY,3,0,0,0,9,0.00%
JAMES D INGALLS,1,0,0,0,4,0.00%
JED  CHEDID,1,0,0,5,5,50.00%
IMOKHAI  OKOLO,1,0,0,2,3,40.00%
BRIAN A COOK,1,0,0,0,5,0.00%
THEODORE  AMATA,4,0,0,6,32,15.79%
ADHAM  ZAYED,3,0,0,0,9,0.00%
ERIC J MOORE,1,0,0,0,4,0.00%
GILBERT W R RUCKER,1,0,0,0,3,0.00%
DEAN E DEPIERO,1,0,0,0,2,0.00%
"JIMMIE  MACK, JR.",1,0,0,3,4,42.86%
MARK S. BENNETT,1,0,0,1,3,25.00%
CHARLES  TYLER,1,0,0,0,2,0.00%
TINA R HADDAD,1,0,0,0,4,0.00%
ERIC W DYSERT,1,0,0,0,3,0.00%
ERIN E. HANSON,1,0,0,0,3,0.00%
KIRSTYN ESTELLE FRANK,1,0,0,0,3,0.00%
PAUL  KELLEY,1,0,0,0,9,0.00%
WILLIAM D KILLMEYER,4,0,0,0,28,0.00%
ALONDA ANN BUSH,1,0,0,0,4,0.00%
STOURTON SCOTT SMITH,1,0,0,0,2,0.00%
SHANNON D. PARKER,1,0,0,0,3,0.00%
JUSTIN  MACKIN,1,0,0,0,5,0.00%
JOHN FARLEY HIRSCHAUER,2,0,0,5,5,50.00%
ABBY L BOTNICK,1,0,0,0,2,0.00%
LUCAS D. TROTT,1,0,0,0,5,0.00%
GREGORY T STRALKA,1,0,0,2,4,33.33%
FRED P RAMOS,1,0,0,0,4,0.00%
KENNETH ALLEN NELSON II,1,0,0,0,2,0.00%
EDWARD R FADEL,2,0,0,0,13,0.00%
RETANIO AJ RUCKER,1,0,0,0,3,0.00%
SEANNA M. CONWAY,1,0,0,0,11,0.00%
MICHAEL D DOYLE,1,0,0,0,5,0.00%
JOHN W GREVEN,1,0,0,0,3,0.00%
BRENT L. ENGLISH,1,0,0,0,4,0.00%
JULIE A. TOTH,1,0,0,2,2,50.00%
JAMES P MCGOWAN,1,0,0,0,2,0.00%
JASMINE L JACKSON,1,0,0,0,8,0.00%
RAYMOND R FROELICH,1,0,0,0,16,0.00%
RICARDO A. VIDAL,1,0,0,0,17,0.00%
JOSEPH J JACOBS,2,0,0,0,7,0.00%
"TOSSIE  WILEY, JR.",1,0,0,0,3,0.00%
JOHN T. FORRISTAL,1,0,0,0,7,0.00%
NICOLE C LONGINO,1,0,0,0,4,0.00%
JAMES MICHAEL KENNEY-PRENTISS,1,0,0,0,2,0.00%
SEAN  BURKE,1,0,0,0,2,0.00%
BRENT A URANKAR,1,0,0,0,3,0.00%
TAYLOR  SLIVKA,1,0,0,0,13,0.00%
JOSHUA S BERGER,1,0,0,2,2,50.00%
DEAN W VAN DRESS,1,0,0,0,4,0.00%
JOSEPH D HADA,1,0,0,0,4,0.00%
MARK S ONDREJECH,1,0,0,0,6,0.00%
ERIC DORMAN HALL,1,0,0,0,2,0.00%
TERRENCE P CARL,1,0,0,0,6,0.00%
RUSSELL A RANDAZZO,1,0,0,0,6,0.00%
STUART H LIPPE,1,0,0,0,2,0.00%
S. MICHAEL LEAR,1,0,0,0,7,0.00%
LATINA  BAILEY,1,0,0,1,3,25.00%
