Prosecutor Name,Number of Cases,Guilty,Not Guilty,Dismissed,Other,Conviction Rate
ALAINA HAGANS,14,96,0,49,49,49.48%
Cuyahoga County Prosecutor,7474,1948,5,4226,14932,9.23%
CARLEY BERMAN,105,129,0,123,180,29.86%
BRITTANY STIPICH,47,58,0,66,70,29.90%
MICHAEL MARTINEZ,26,48,0,48,40,35.29%
AYOUB DAKDOUK,36,49,0,53,74,27.84%
CHRISTOPHER WOODWORTH,58,83,0,98,78,32.05%
DIANA NASSAR,17,21,0,15,27,33.33%
MARGARET GRAHAM,46,59,0,76,91,26.11%
BEN FUCHS,39,50,0,30,73,32.68%
KRYSTAL LEE,35,52,0,37,69,32.91%
DANIEL SCHREMBECK FOR JACK DOWLING,2,1,0,2,3,16.67%
JACK DOWLING,31,57,2,41,44,39.58%
GREGORY M,7,17,2,42,15,22.37%
CARL FELICE,47,77,0,84,100,29.50%
MALLORY BUELOW,35,48,0,65,48,29.81%
OMAR SIDDIQ,27,41,0,32,50,33.33%
PATRICK WHITE FOR ANJALIKANWAR,1,3,0,5,1,33.33%
KENAN MACK,48,77,0,94,61,33.19%
ERICA SAMMON,80,105,2,95,144,30.35%
CHRISTOPHER WOODWARD,1,1,0,4,1,16.67%
BRAD MEYER AND ANDREW BOYKO,2,0,0,6,4,0.00%
MAKENNA DAUS,57,69,1,65,131,25.94%
MICHAEL TIMMS,43,66,3,60,63,34.38%
MASON MCCARTHY,142,148,0,114,289,26.86%
COURTNEY KIRVEN,35,54,0,79,71,26.47%
ANDREA ISABELLA,60,83,0,110,123,26.27%
MICHAEL STECHSCHULTE FOR KENAN MACK,1,2,0,1,1,50.00%
JONATHAN W SAULINE,39,64,0,60,48,37.21%
FALLON MCNALLY,15,16,0,19,21,28.57%
LIAM BLAKE,85,114,1,102,127,33.14%
HYOJONG LEE,38,59,1,55,60,33.71%
KAREN GREENE,17,27,0,44,39,24.55%
DANIEL SCHREMBECK,16,36,0,35,26,37.11%
JOE LUCHESI,3,4,0,7,6,23.53%
ANDREW NICHOL,3,6,0,9,7,27.27%
JOSEPH P O'MALLEY,44,49,0,55,102,23.79%
ANJALI KANWAR,58,75,1,69,111,29.30%
SEAN DRAKE,96,117,0,131,161,28.61%
BRAD MEYER,5,4,0,2,33,10.26%
KEVIN FILIATRAUT AND CARLEY BERMAN,1,3,3,0,1,42.86%
LUKE HABERMEHL,83,95,0,108,120,29.41%
LISA M,4,4,0,0,4,50.00%
MARCO TANUDRA,50,77,0,56,69,38.12%
ZAC ANDERSON,2,5,0,4,3,41.67%
MORGAN AUSTIN,49,67,0,88,86,27.80%
PATRICK WHITE,88,125,0,169,151,28.09%
JOSE TORRES,46,75,0,35,119,32.75%
DOMINIC NEVILLE,119,151,5,177,240,26.35%
GRAHAM,2,3,0,2,4,33.33%
CHAUNCEY KELLER,9,13,0,10,16,33.33%
CHRISTINE VACHA,8,24,0,32,18,32.43%
BRIAN CALLAHAN,61,85,1,112,90,29.51%
CHRIS WOODWORTH,10,15,0,4,16,42.86%
HALIE TURIGLIATTI,67,95,0,112,111,29.87%
MARYANN ZAKY,93,119,1,116,143,31.40%
NORA C BRYAN,10,19,0,33,26,24.36%
KEVIN FILIATRAUT,4,8,1,6,16,25.81%
BRITTANY FLETCHER,70,86,0,90,89,32.45%
BENJAMIN FUCHS,83,112,1,115,155,29.24%
JOHN T DOWLING,20,27,0,31,33,29.67%
OWEN KNAPP,2,4,0,2,2,50.00%
THOMAS ROVITO,27,40,0,32,35,37.38%
AMANDA BIZUB,3,3,0,12,3,16.67%
TUROSO,2,2,0,0,2,50.00%
MARTIN DIMICHELE FOR MCKENNA DAUS,1,2,0,0,3,40.00%
CONNOR DAVIN,36,88,2,80,51,39.82%
DANIELLE V MUSTER,52,73,0,84,76,31.33%
JONATHAN BLOCK FOR HYOJONG LEE,1,1,0,1,2,25.00%
JASMINE JACKSON,28,49,0,49,45,34.27%
JORDAN MASON,109,134,0,123,207,28.88%
JOSEPH LUCCHESI,71,95,0,84,115,32.31%
ALEXANDRIA SERDARU,69,108,2,103,116,32.83%
CARLA NEUHAUSER,85,120,0,155,157,27.78%
HANNAH BAKER,51,77,0,77,76,33.48%
DANIELLE MUSTER FOR JORDAN MASON,4,11,0,16,6,33.33%
KYLE DILLON FOR CHAUNCEY KELLER,1,1,0,0,1,50.00%
LISA J TUROSO,23,46,0,51,41,33.33%
JONATHAN J BLOCK,42,56,0,52,60,33.33%
ELISSA HOPSON,26,22,0,27,87,16.18%
JILLIAN PITEO,10,16,0,23,14,30.19%
BEN FUCHS FOR MICHAEL STECHSHULTE,1,0,0,0,4,0.00%
MAALAEA NEWELL,49,69,0,94,81,28.28%
ALEXANDRIA SERDARU AND DANIELLE MUSTER,2,1,0,2,4,14.29%
OWEN M PATTON,11,17,0,31,13,27.87%
ANDREW BOYKO FOR CARLA NEUHAUSER,2,3,0,3,2,37.50%
EAMONN MCDERMOTT,20,27,0,28,24,34.18%
ZACH ANDERSON,6,6,0,6,7,31.58%
PATRICK WHITE FOR ANJALI KANWAR,1,1,0,0,1,50.00%
ZACHARY ANDERSON,8,11,0,23,8,26.19%
STEPHEN VERNIA,13,29,0,40,16,34.12%
STEVEN SZELAGIEWICZ,15,15,0,69,50,11.19%
GABE RASTATTER,7,8,0,2,11,38.10%
NATALIE LASZCZ FOR BRITTANY FLETCHER,2,2,0,2,3,28.57%
SAMANTHA SOHL FOR MARCO TANUDRA,1,1,0,0,1,50.00%
MARGARET GRAHAM FOR CARL FELICE,1,1,0,1,1,33.33%
CHRISTOPHER WOODWORTH AND GLEN RAMDHAN,1,3,1,1,1,50.00%
LISA MAHNIC,49,77,0,40,56,44.51%
MICHAEL STECHSHULTE,11,18,0,26,16,30.00%
MIKE MARTINEZ,4,5,0,4,4,38.46%
MICHAEL J STECHSCHULTE,59,100,0,134,102,29.76%
PATRICK LAVELLE,4,6,0,11,9,23.08%
KYLE DILLON,37,57,0,69,50,32.39%
ELLE ENGLISH,92,129,0,111,138,34.13%
TERESE MCKENNA,46,51,0,34,56,36.17%
ANNA FARAGLIA,4,3,0,32,6,7.32%
DANIELLE MUSTER,49,71,0,65,88,31.70%
CHRISTINE VACHA AND CONNOR DAVIN,1,4,0,1,1,66.67%
MARTIN DIMICHELE,12,17,0,8,25,34.00%
AYOUB DAKDOUK FOR LUKE HABERMEHL,2,3,0,0,4,42.86%
KRYSTAL LEE AND MARCO TANUDRA,1,0,0,0,3,0.00%
ALYSSA WAITE,81,86,0,87,205,22.75%
KEVIN DAY,2,0,0,2,5,0.00%
DANEL SCHREMBECK,1,0,0,0,6,0.00%
SASHA BROOKS,2,3,0,3,4,30.00%
PATRICK WHITE FOR BRIAN CALLAHAN,2,0,0,4,4,0.00%
MARY ANN ZAKY FOR MALLORY BUELOW,1,3,0,2,2,42.86%
HALEY TURIGLIATTI,1,3,0,5,1,33.33%
MASON MCCARTHY FOR CARSON STRANG,1,5,0,13,2,25.00%
STEPHEN R VERNIA,59,94,0,87,93,34.31%
DANIELLE MUSTER FOR DIANNA NASSAR,1,1,0,0,1,50.00%
DANIELLE V,12,14,0,19,17,28.00%
MARY GRACE TOKMENKO,14,20,0,43,29,21.74%
MICHAEL STECHSCHULTE,26,39,0,48,37,31.45%
MIKAYLA ORTIZ,65,83,0,80,103,31.20%
RYAN J BOKOCH,4,1,0,3,10,7.14%
BRITANY STIPICH,1,0,0,5,1,0.00%
GREGG PAUL FOR PATRICK WHITE,1,3,0,5,1,33.33%
ANDREW F,3,4,0,3,4,36.36%
TIMOTHY TROUP,7,13,0,34,9,23.21%
STIPICH,9,11,0,13,15,28.21%
ALICIA PAOLUCCI,8,15,0,40,12,22.39%
MICHAEL MARTINEZ FOR SEAN DRAKE,1,0,0,0,2,0.00%
MEGAN HELTON,14,45,4,22,21,48.91%
BEN FUCHS FOR BRITTANY FLETCHER,1,1,0,1,1,33.33%
MARY GRACE TOKMENKO FOR CONNOR DAVIN,1,0,0,1,1,0.00%
NATALIE LASZCZ,5,14,0,13,6,42.42%
CARL MAZZONE,4,5,0,8,15,17.86%
MARY ANN ZAKY,21,32,0,27,37,33.33%
LINDSEY RASKIN,1,2,0,1,2,40.00%
CARLA NEUHAUSSER,1,2,0,6,1,22.22%
MASON MCCARTHY FOR KYLE DILLON,1,1,0,0,1,50.00%
OMAR SIDDIQ FOR JOSEPH LUCCHESI,1,2,0,0,1,66.67%
JON BLOCK,3,2,0,4,4,20.00%
ALEXANDRIA SERDARU FOR DIANA NASSAR,1,2,0,0,3,40.00%
KEVIN BRINGMAN,2,1,0,11,3,6.67%
CARLEY BERMAN FOR DANIELLE V,1,2,0,0,1,66.67%
LINDSAY PATTON,5,7,0,27,14,14.58%
MARCO TANUNDRA,2,2,0,8,3,15.38%
ANDREA N ISABELLA,2,8,0,7,2,47.06%
COURTNEY M KIRVEN,41,49,0,51,70,28.82%
ALLIE SERDARU FOR JOSE TORRES,1,2,0,0,1,66.67%
MARGARET GRAHAM FOR ANDREW BOYKO,2,2,0,1,2,40.00%
JOHN T,6,4,0,10,11,16.00%
KEVIN R DAY,3,3,0,4,4,27.27%
SARAH J DENNEY AND MICHAEL TIMMS,1,0,0,0,5,0.00%
BEN FUCHS FOR SEAN DRAKE,1,1,0,1,1,33.33%
BRIAN SULLIVAN,3,3,0,0,4,42.86%
JONATHAN BLOCK,17,23,0,23,22,33.82%
KYLE DILLON FOR COURTNEY KIRVEN,2,1,0,1,3,20.00%
DIANA G,8,10,0,25,14,20.41%
JOHN HIRSCHAUER,3,5,0,1,3,55.56%
BROOKS,2,3,0,0,3,50.00%
HANNAH BAKER FOR ELLE ENGLISH,1,0,0,0,2,0.00%
BRITTNEY FLETCHER,1,1,0,0,1,50.00%
FLETCHER,2,3,0,2,4,33.33%
JAMIELLE M LAMSON,12,16,0,19,34,23.19%
EBEN MCNAIR,1,0,0,1,2,0.00%
DANIELLE V MUSTER AND JOSE TORRES,1,3,0,0,1,75.00%
JAMES MAY,5,9,0,12,5,34.62%
CHRIS WOODWORTH FOR PATRICK WHITE,1,3,0,0,2,60.00%
PATRICK WHITE FOR JORDAN MASON,1,1,0,2,1,25.00%
KRISTIN M,8,18,2,18,24,29.03%
EBAN MCNAIR,1,2,0,4,2,25.00%
MALLORY PARKER,28,41,0,36,58,30.37%
JAMES FLANAGAN,42,59,1,72,63,30.26%
JAMES GALLAGHER,6,5,0,4,9,27.78%
DANIEL T SCHREMBECK,36,41,3,60,70,23.56%
CHRIS WOODSWORTH,1,1,0,0,1,50.00%
CARLEY BERMAN FOR BENJAMIN FUCHS,1,1,0,1,1,33.33%
LIAM BLAKE FOR FALLON MCNALLY,2,3,0,2,2,42.86%
OWEN PATTON,51,69,0,56,83,33.17%
STIPICH FOR MASON,1,2,0,2,1,40.00%
ANDREW BOYKO,15,31,0,19,32,37.80%
KYLE DILLON FOR KAREN GREENE,1,0,0,1,1,0.00%
JOHN DOWLING,27,38,0,25,38,37.62%
KERRY SOWUL,9,16,1,36,12,24.62%
KENAN MACK FOR CHRISTOPHER WOODWORTH,1,1,0,0,1,50.00%
JOSEPH LUCCHESI AND TOM ROVITO,1,2,0,1,1,50.00%
BRITTANY FLETCHER FOR LINDSAY PATTON,1,1,0,1,1,33.33%
CEDRIC WARE,7,6,0,5,13,25.00%
DANIELLE V MUSTER AND MEGAN HELTON,2,3,0,3,2,37.50%
DANIELLE MUSTER FOR LUKE HABERMEHL,1,0,0,4,1,0.00%
MELISSA A,12,42,0,25,31,42.86%
BENJAMIN FUCHS AND BRITTANY FLETCHER,1,0,0,14,1,0.00%
JOSEPH LUCCHESI FOR CARLA NEUHAUSER,3,3,0,0,4,42.86%
DANIEL CLEARY,3,4,0,4,3,36.36%
ALLY SERDARU FOR BRITTANY N STIPICH,1,2,0,3,2,28.57%
JONATHAN SAULINE,10,11,0,7,13,35.48%
JON SAULINE FOR MALLORY BUELOW,1,2,0,0,1,66.67%
ROCCO VERNIA,16,26,0,24,20,37.14%
FLANAGAN,1,1,0,2,1,25.00%
OMAR SEDIQ,3,2,0,6,5,15.38%
TOM ROVITO,4,7,0,6,4,41.18%
BRITTANY N STIPICH,65,81,2,139,101,25.08%
MARCO TANDURA,1,2,0,0,1,66.67%
ALLIE SERDARU FOR JONATHAN W SAULINE,1,0,0,0,6,0.00%
EBEN MC NAIR,3,3,0,13,21,8.11%
HALIE TURIGLIOTTI,5,8,0,5,7,40.00%
BRANDON PITEO,6,14,0,7,14,40.00%
OWEN PATTON FOR ZACK LEFLEUR,1,1,0,0,3,25.00%
KAREN GREEN FOR ADRIENNE LINNICK,2,5,0,2,2,55.56%
JILLIAN PITEO AND MAALAEA NEWELL,2,2,0,2,2,33.33%
LIAM BLAKE FOR DOMINIC NEVILLE,1,4,0,6,1,36.36%
DIANA NASSAR FOR KYLE DILLON,2,4,0,2,2,50.00%
ALEXANDRIA SERDARU FOR JOSEPH LUCCHESI,1,1,0,1,1,33.33%
FALLON RADIGAN,4,30,0,26,6,48.39%
ERICA SAMMON FOR STEVE VERNIA,1,4,0,5,1,40.00%
BRITTANYS STIPICH,3,4,0,2,3,44.44%
LORRAINE DUBOSE,1,0,0,5,1,0.00%
JACOB WILLIAMS,6,9,0,4,8,42.86%
GRANT A,39,47,0,69,75,24.61%
ALLIE SERDARU,10,7,0,17,18,16.67%
MICHAEL STECHSHULTE FOR EAMONN MCDERMOTT,1,1,0,1,1,33.33%
DAN SCHREMBECK,24,37,0,48,40,29.60%
MAGGIE GRAHAM,6,7,0,6,21,20.59%
JASMINE JACKSON FOR MIKE TIMMS,1,1,0,0,1,50.00%
LIAM BLAKE FOR BRITTANY FLETCHER,1,1,0,0,2,33.33%
LISAH MAHNIC,1,1,0,0,1,50.00%
BRITTANY N STIPICH FOR MELISSA A,1,15,0,15,2,46.88%
ERIC COLLINS,6,8,0,22,10,20.00%
STEVE VERNIA,2,2,0,0,4,33.33%
GLEN RAMDHAN,5,3,0,12,5,15.00%
SAMMIE SOHL FOR ELLE ENGLISH,1,2,0,0,2,50.00%
MARYANN ZAKY FOR MARCO TANUDRA,1,2,0,1,1,50.00%
DAVIN FOR STIPICH,1,2,0,0,2,50.00%
DANIEL CLEARY AND,1,2,0,0,3,40.00%
LEE FOR STIPICH,1,1,0,3,1,20.00%
SARAH DENNEY AND KRYSTAL LEE,1,2,0,4,2,25.00%
NEUHAUSER FORGABE RASTATTER,1,1,0,0,2,33.33%
ANJALI KANWAR AND CHRISTOPHER WOODWORTH,1,5,0,0,1,83.33%
BRITTANY STIPICH FOR JONATHAN J BLOCK,1,1,0,0,2,33.33%
MALLORY BEULOW,3,5,0,3,5,38.46%
DAN SCHREMBECK FOR MAALAEA NEWELL,1,1,0,2,1,25.00%
MCKENNA DAUS,5,6,0,3,9,33.33%
MCNALLY,3,3,0,0,4,42.86%
CARSON STRANG,10,13,2,27,22,20.31%
MARY GRACE TOKMENKO FOR LIAM BLAKE,1,2,0,1,1,50.00%
MARTINEZ,5,12,0,5,6,52.17%
CHLOE ROBINSON,62,80,1,69,108,31.01%
DEBORA BREWER,1,2,0,3,1,33.33%
MICHAEL A LISK,5,6,0,17,6,20.69%
JOE LUCCHESI FOR MAALAEA NEWELL,1,2,0,2,1,40.00%
BRITTANY FLETCHER FOR MICHAEL STETCHSCHULTE,1,1,0,0,1,50.00%
ANDREW NICHOL FOR JORDAN MASON,1,3,0,0,1,75.00%
MELISSA RILEY,11,72,0,38,34,50.00%
NORA BRYAN,6,13,0,16,21,26.00%
HANNA BAKER FOR SEAN DRAKE,1,1,0,1,2,25.00%
JAKE WILLIAMS,2,2,0,3,4,22.22%
LISA J,1,1,0,0,4,20.00%
MICHAEL A LISK AND ABE DAKDOUK,1,0,0,0,5,0.00%
ZACH ANDERSON FOR JASMINE JACKSON,1,2,0,1,1,50.00%
JOHN SAULINE FOR MALLORY BUELOW,1,1,0,1,1,33.33%
CONNOR DAVIN FOR MICHAEL STECHSHULTE,2,5,0,2,2,55.56%
JONTHAN BLOCK,1,1,0,0,1,50.00%
NEUHAUSER,2,5,0,3,4,41.67%
YASMINE HASAN,2,4,0,13,2,21.05%
JOE LUCCHESI,26,37,0,42,41,30.83%
JACK DOWLING FOR MAALAEA NEWELL,1,1,0,1,2,25.00%
CARRIE SOWUL FOR ANDREA ISABELLA,1,4,0,10,3,23.53%
JORDAN MASON FOR KRYSTAL LEE,2,3,0,3,3,33.33%
JOSEPH LUCHESSI,2,2,0,0,4,33.33%
JOHN SAULINE,8,10,0,11,15,27.78%
MARK A VENEZIA,25,35,0,22,55,31.25%
JACK DOWLING FOR BRIAN CALLAHAN,1,1,0,0,2,33.33%
ADRIENNE E,6,2,0,5,34,4.88%
JOSHUA J,21,29,0,24,42,30.53%
STEPHEN R VERNIA FOR JOHN T,1,0,0,2,2,0.00%
LUCAS KIRKLAND FOR CHLOE ROBINSON,2,4,0,1,2,57.14%
CHRIS WOODWORTH FOR MALLORY BUELOW,1,3,0,0,1,75.00%
HANNA BAKER AND MICHAEL TIMS FOR JASMINE JACKSON,1,0,0,4,1,0.00%
JORDAN MASON FOR FALLON MCNALLY,1,1,0,0,1,50.00%
BOYKO FOR GRAHAM,1,1,0,0,1,50.00%
LUKE HABERMEHL FOR CARLEY BERMAN,1,3,0,2,2,42.86%
PARICK WHITE,1,3,0,2,1,50.00%
JOHN F HIRSCHAUER,2,1,0,0,4,20.00%
JAZMIN JACKSON,1,1,0,0,2,33.33%
MORGAN AUNSTIN ON FALLON MCNALLY,1,2,0,2,1,40.00%
MAKENNA DAUS FOR STEVE VERNIA,1,1,0,1,1,33.33%
KRISTIN KARKUTT,2,0,0,4,22,0.00%
ELLE ENGLISH FOR JONATHAN SAULINE,1,1,0,0,1,50.00%
CARLEY BERMAN FOR DANIELLE V MUSTER,2,2,0,5,2,22.22%
CONNER DAVIN,4,7,0,6,7,35.00%
MARCO TANUNDRA FOR MARYANN ZAKY,1,0,0,3,1,0.00%
CARLEY BERMAN FOR OMAR SIDDIQ,1,1,0,0,1,50.00%
BRITTANY FLETCHER FOR,2,2,0,3,2,28.57%
COURTNEY KIRVAN,1,1,0,1,2,25.00%
JOHN KIRKLAND AND MORGAN AUSTIN,1,3,0,3,2,37.50%
DANIELLE V MUSTER AND ALEXANDRIA SERDARU,1,2,0,2,1,40.00%
JON SAULINE,4,9,0,10,4,39.13%
ALLIE SERDARU FOR MALLORY BUELOW,1,1,0,0,1,50.00%
JOHN HIRSHAUER,2,3,0,13,2,16.67%
AMANDA HALL,1,1,0,1,1,33.33%
FALLON M RADIGAN,2,6,0,16,3,24.00%
CARL FELICE AND JON SAULINE,1,0,0,0,3,0.00%
MICHAEL TIMMS FOR ZACH ANDERSON,1,3,0,2,2,42.86%
COURTNEY KIRVEN FOR KYLE DILLON,1,1,0,0,2,33.33%
DANIELLE MUSTER FOR JONATHAN BLOCK,2,2,0,3,2,28.57%
JOHN DOWLING FOR GLEN RAMDHAN,1,1,0,0,2,33.33%
DANIEL SCHREMBECK FOR JOSEPH LUCHESSI,1,1,0,0,1,50.00%
SEAN DRAKE FOR BENJAMIN FUCHS,1,0,0,7,1,0.00%
MORGAN AUSTIN AND MELISSA A,1,0,0,0,6,0.00%
JOSHUA MASON,10,14,0,11,22,29.79%
LIAM BLAKE FOR MARCO TANUDRA,1,2,0,2,2,33.33%
DOMINIC NEVILLE FOR AYOUB DAKDOUK,1,1,0,4,2,14.29%
DANIEL CLEARY FOR JAMIELLE M LAMSON,1,2,0,1,1,50.00%
MAALAEA NEWELL FOR DANIELLE V,1,0,0,0,3,0.00%
KYLE DILLON FOR MASON MCCARTHY,1,1,0,0,1,50.00%
DIANA NASSAR FOR DANIELLE V,1,1,0,0,3,25.00%
SEAN DRAKE FOR BEN FUCHS,1,1,0,3,2,16.67%
STRANG,1,0,0,1,1,0.00%
THOMAS ROVITO AND DANIELLE MUSTER FOR MASON MCCARTHY,1,1,0,1,1,33.33%
FLETCHER FOR RASTATTLER,1,1,0,0,1,50.00%
ALEX VENEZIA FOR JOHN D,1,1,0,0,1,50.00%
PADDY WHITE,1,0,0,0,5,0.00%
MICHAEL STECHSCHULTE FOR EAMONN MCDERMOTT,1,1,0,2,1,25.00%
JASMINE JACKSON FOR NORA C BRYAN,1,2,0,2,1,40.00%
BEN MCNAIR,2,8,0,6,3,47.06%
KEVIN DAY FOR KENAN MACK,1,1,0,0,1,50.00%
MICHAEL STETCHSCHULTE FOR MARGARET GRAHAM,1,2,0,3,1,33.33%
ELISSA HOPSPON,1,1,0,0,1,50.00%
HALIE TURIGLIATTI FOR BRIAN CALLAHAN,1,1,0,1,1,33.33%
MEGAN HELTON FOR CAROLINE MAVER,1,0,0,1,5,0.00%
DANIEL SHREMBECK,1,2,0,1,1,50.00%
LISA TUROSO,9,14,0,8,35,24.56%
CARLEY BERMAN FOR DANIELLE MUSTER,1,3,0,1,1,60.00%
JOSEPH PAGANO,1,2,0,1,1,50.00%
DIANA NASSAR FOR CARLEY BERMAN,1,1,0,2,1,25.00%
ANDY ROGALSKI FOR JON BLOCK,1,1,0,0,1,50.00%
PATRICK WHITE FOR NATALIE LASZCZ,1,0,0,2,1,0.00%
MARTIN A DIMICHELE,27,40,0,39,47,31.75%
ROCCO VERNIA FOR BRIAN CALLAHAN,1,1,0,1,1,33.33%
HALIE TURIGLIATTI FOR,1,1,0,0,2,33.33%
MARCO TANUDRA FOR KRYSTAL LEE,1,1,0,2,1,25.00%
DOMINIC NEVILLE FOR MORGAN AUSTIN,2,5,0,4,2,45.45%
NICHOLAS FINK,31,49,0,37,53,35.25%
JEFFREY S,9,19,1,36,13,27.54%
MAGGIE GRAHAM FOR BRAD MEYER,1,1,0,4,1,16.67%
ANDREW ROGALSKI,1,0,0,3,1,0.00%
MEGAN HELTON AND ANNA FARAGLIA,1,1,0,1,1,33.33%
MARGARET GRAHAM FOR CARLA NEUHAUSER,2,0,0,0,7,0.00%
BENJAMIN FUCHS FOR DIANA G,1,1,0,0,2,33.33%
MAALAEA NEWELL FOR LUKE HABERMEHL,1,3,0,0,1,75.00%
EAMONN MCDERMOTT FOR BRITTANY FLETCHER,1,0,0,2,2,0.00%
CEDRIC WARE FOR FALLON MCNALLY,1,1,0,0,1,50.00%
LUCAS KIRKLAND,48,69,0,73,71,32.39%
SASHA BROOKS AND THOMAS ROVITO,1,1,0,7,1,11.11%
MALLORY BUELOW FOR MARCO TANUDRA,1,1,0,1,1,33.33%
JONATHON BLOCK,1,1,0,0,1,50.00%
DANIELLE V MUSTER FOR JONATHAN BLOCK,1,1,0,0,1,50.00%
ANDY ROGALSKI,1,1,0,2,1,25.00%
JOHN KIRKLAND,3,3,0,9,6,16.67%
GRANT MORGAN,42,38,0,53,97,20.21%
MICHAEL TIMMS FOR MICHAEL MARTINEZ,1,2,0,1,2,40.00%
BRITITANY STIPICH,1,1,0,1,2,25.00%
JACOB WILLIAMS FOR JASMINE JACKSON,1,1,0,0,1,50.00%
ELISSA L,27,26,0,36,70,19.70%
CONNOR DAVIN FOR HALIE TURIGLIATTI,1,1,0,3,1,20.00%
BEN FUCHS FOR LUKE HABERMEHL,1,1,0,0,1,50.00%
HYOJONG LEE FOR CARLEY BERMAN,1,1,0,0,3,25.00%
BRITTANY FLETCHER FOR EAMONN MCDERMOTT,1,1,0,1,1,33.33%
JEFFREY M MAVER,1,0,0,0,14,0.00%
LUKE HABERMEHL FOR BENJAMIN FUCHS,1,1,0,1,1,33.33%
CONNER DAVIN FOR BRIAN CALLAHAN,1,1,0,0,1,50.00%
BEN FUCHS FOR MELISSA RILEY,1,6,0,4,1,54.55%
JAMES D,1,3,0,4,2,33.33%
MIKE TIMMS FOR JASMINE JACKSON,1,2,0,1,1,50.00%
MCDERMOTT,1,1,0,0,2,33.33%
PATRICK WHITE AND DAN CLEARY,1,2,0,0,1,66.67%
DIANA NASSAR FOR LUKE HABERMEHL,1,0,0,3,1,0.00%
BOYKO FOR GABE RASTATTER,1,2,0,2,1,40.00%
KYRIELLE WILLIAMS,42,38,3,49,98,20.21%
PAT LAVELLE,1,1,0,2,1,25.00%
ANDY NICHOL,2,1,0,1,2,25.00%
JON BLOCK FOR MARY ANN ZAKY,1,1,0,0,1,50.00%
DANIEL CLEARY AND ELLE ENGLISH,1,6,0,0,3,66.67%
ELLE MARIE ENGLISH,1,2,0,2,1,40.00%
MARY ANN ZAKY FOR ALEXANDRIA SERDARU,1,2,0,2,2,33.33%
ZACHARY LAFLEUR,40,37,0,42,116,18.97%
BRITTANY STIPICH FOR MICHAEL J STECHSCHULTE,1,1,0,0,2,33.33%
JONATHAN BLOCK FOR KRYSTAL LEE,1,1,0,1,1,33.33%
ANDREW BOYKO FOR BRITTANY FLETCHER,1,1,0,3,2,16.67%
CHRISTOPHER WOODWORTH FOR MALLORY BUELOW,1,2,0,1,1,50.00%
LUKE HABERMEHL FOR DANIELLE MUSTER,1,2,0,2,1,40.00%
ZAKY FOR SAMMON,1,1,0,1,1,33.33%
DANIEL SCHREMBECK FOR JORDAN MASON,1,2,0,1,1,50.00%
MAKENNA DAUS FOR MARGARET GRAHAM,1,1,0,0,2,33.33%
HABERMEHL,1,2,0,0,1,66.67%
EAMONN MCDERMOTT AND MAGGIE GRAHAM,1,2,0,1,1,50.00%
MARCO TANUDRA FOR DANIELLE V MUSTER,1,1,0,1,1,33.33%
DAKDOUK,1,4,0,2,1,57.14%
MEKENNA DAUS,1,1,0,2,3,16.67%
TIMOTHY TROUP FOR ADRIENNE E,1,1,0,4,1,16.67%
BRANDON PITEO FOR DANIELLE V,1,1,0,0,2,33.33%
MICHAEL STECHSCHULTE FOR CARLEY BERMAN,1,2,0,3,1,33.33%
KERRY SOWUL AND JASMINE JACKSON,1,1,0,4,1,16.67%
EAMONN MCDERMOTT FOR MICHAEL J STECHSCHULTE,1,0,0,9,1,0.00%
BRITTANY STIPICH FOR MICHAEL STECHSHULTE,1,1,0,0,1,50.00%
ABE DAKDOUK,7,6,0,6,17,20.69%
CHARLES JOYCE,14,12,0,14,26,23.08%
SAMMON,3,7,0,5,3,46.67%
JOSEPH LUCCHESI FOR HANNAH BAKER,4,5,0,3,9,29.41%
TIMOTHY TROUP FOR BEN FUCHS,1,0,0,3,1,0.00%
THOMAS ROVITO FOR DANIELLE MUSTER,1,2,0,0,1,66.67%
ANDREW SZCZEPANIK,20,15,0,10,101,11.90%
CAROLINE MAVER FOR MEGAN HELTON,1,1,0,2,1,25.00%
ANDREW BOYKO AND BRAD MEYER,1,0,0,0,28,0.00%
CONNOR DAVIN AND MCKENNA DAUS,1,3,0,1,2,50.00%
ALEX VENEZIA FOR ERICA SAMMON,1,2,0,5,1,25.00%
DAVID MEREDITH,31,24,0,29,87,17.14%
DOMINIC NEVILLE FOR COURTNEY KIRVEN,3,7,0,5,4,43.75%
DAN SCHREMBECK FOR B,2,3,0,2,2,42.86%
DANIELLE MUSTER OBO KERRY SOWUL,1,1,0,0,1,50.00%
ELEANOR K WERNER,3,3,0,4,6,23.08%
MARYANN ZAKY FOR COURTNEY KIRVEN,1,1,0,0,1,50.00%
HALIE TURRIGLIATI,1,2,0,0,3,40.00%
PAT LIPAJ,8,1,0,6,44,1.96%
MARTIN DIMICHELLE,1,3,0,0,2,60.00%
JOHN DOWLING FOR JONATHAN J BLOCK,1,0,0,8,1,0.00%
NICHOLAS FINK FOR JOHN DOWLING,2,2,0,1,2,40.00%
JASMINE JACKSON FOR COURTNEY KIRVEN,1,1,0,3,2,16.67%
MICHAEL J STECHSCHULTE FOR ELLE ENGLISH,1,1,0,0,1,50.00%
MICHAEL STECHCHULTE,1,4,0,7,2,30.77%
EBEN MCNAIR FOR MICHAEL J STECHSCHULTE,2,3,0,2,3,37.50%
KERRY SOWUL AND JEFFREY S,1,2,0,2,1,40.00%
ELLE ENGLISH FOR MALLORY BEULOW,1,0,0,3,4,0.00%
CAROLINE MAVER,6,8,0,18,26,15.38%
DAVE MEREDITH FOR ELISSA HOPSON,1,2,0,0,1,66.67%
KRYSTAL LEE FOR DANIELLE MUSTER,1,1,0,1,1,33.33%
KERRY SOWEL,1,0,0,0,4,0.00%
HALIE TURGLIATTI,3,3,0,6,4,23.08%
MIKAYLA ORTIZ FOR ANDREA ISABELLA,1,0,0,4,2,0.00%
BEN FUCHS FOR ELISSA HOPSON,2,2,0,2,3,28.57%
CHRISTOPHER WOODWORTH AND DOMINIC NEVILLE,1,2,0,0,2,50.00%
DAN SCHREMBECK FOR BENJAMIN FUCHS,1,2,0,0,1,66.67%
ALEX VENZIA,1,2,0,3,2,28.57%
VENEZIA,2,2,0,1,2,40.00%
CRYSTAL LEE,3,6,0,2,3,54.55%
HAILIE TURIGLIATTI,1,4,0,1,1,66.67%
NICHOLAS FINK FOR,1,1,0,0,1,50.00%
ELLE ENGLISH FOR HANNAH BAKER,3,7,0,7,5,36.84%
ALEXANDRIA SERDARU AND CHRISTOPHER WOODWORTH,1,1,0,1,1,33.33%
DOMINIC NEVILLE FOR COURTNEY M KIRVEN,1,2,0,3,1,33.33%
KAREN GREEN FOR ANJALI KANWAR,1,8,0,8,0,50.00%
JD MAY,1,1,0,4,1,16.67%
KAREN GREEN FOR MICHAEL STECHSCHULTE,1,0,0,6,1,0.00%
SEAN DRAKE FOR ELISSA HOPSON,1,1,0,1,2,25.00%
JAMES S GALLAGHER,11,23,0,22,17,37.10%
CHRISTOPHER WOOD WORTH,1,1,0,0,1,50.00%
ALEXANDRIA SERDARU AND ABE DAKDOUK,1,2,0,1,2,40.00%
OWEN M PATTON APPEARED FOR LINDSAY PATTON,1,1,0,4,2,14.29%
HANNAH BAKER AND CARSON STRANG,1,3,0,0,1,75.00%
GREGORY PAUL,1,0,0,1,1,0.00%
MELISSA RILEY FOR ALAINA HAGANS,1,0,0,0,19,0.00%
ZACHARY LAFLEUR FOR OWEN PATTON,2,0,0,3,5,0.00%
ALEC BASHEIN,13,13,0,7,24,29.55%
MASON MCCARTHY FOR BEN FUCHS,1,1,0,2,1,25.00%
JOHN D,2,1,0,0,3,25.00%
CARL FELICE FOR ANDREA ISBELLA,1,1,0,4,2,14.29%
PATRICK J,30,49,0,53,49,32.45%
JONATHAN J BLOCK FOR ALYSSA WAITE,1,1,0,0,1,50.00%
CHLOE ROBSINSON,1,3,0,4,1,37.50%
JAMES BART FLANAGAN,2,2,0,3,3,25.00%
PAT LIPAI,1,2,0,1,1,50.00%
ELISSA HOPSON FOR SEAN DRAKE,2,1,4,0,9,7.14%
PATRICK LAVELLE AND OWEN PATTON,2,0,0,0,16,0.00%
STEPHEN VERNIA FOR HALIE TURIGLIATTI,1,0,0,1,1,0.00%
MICHAEL J STECHSCHULTE FOR CONNOR DAVIN,1,2,0,1,1,50.00%
MIKAYLA ORTIZ FOR BRIAN CALLAHAN,2,4,0,5,3,33.33%
HALIE TURRIGLIATTI FOR ELLE ENGLISH,2,2,0,0,2,50.00%
HANNAH BAKER FOR MORGAN AUSTIN,1,0,0,12,1,0.00%
ALANA HAGANS,1,14,0,7,1,63.64%
JAMES FLANAGAN FOR ERICA SAMMON,2,3,0,1,3,42.86%
DANIEL SCHREMBECK ON BEHALF OF MASON MCCARTHY,1,1,0,1,1,33.33%
DOMINIC NEVILLE FOR ALYSSA WAITE,2,0,0,0,8,0.00%
SAMANTHA SOHL,10,24,0,31,27,29.27%
MARTIN DIMICHELE FOR CHLOE ROBINSON,1,1,0,1,3,20.00%
GRANT MORGAN FOR CARLA NEUHAUSER,1,1,0,0,1,50.00%
OMAR SIDDIQ AND MAKENNA DAUS,1,3,2,0,1,50.00%
EISSA HOPSON,1,1,0,2,1,25.00%
SEAN DRAKE AND ALEC BASHEIN,1,4,0,0,1,80.00%
SARAH J DENNEY AND MAALAEA NEWELL,1,9,8,3,1,42.86%
JEFFREY M MAVER AND CHLOE ROBINSON,1,2,0,7,1,20.00%
ROCO VENIA,1,0,0,5,1,0.00%
JAMES A GALLAGHER,1,2,0,2,1,40.00%
CONNOR DAVIN FOR KAREN GREENE,1,1,0,4,1,16.67%
ALEXANDRIA SERDARU AND COURTNEY KIRVEN,1,2,0,0,1,66.67%
GRANT MORGAN AND DANIEL T SCHREMBECK,1,2,0,1,1,50.00%
BRIAN CALLAHAN FOR KRYSTAL LEE,1,3,0,3,1,42.86%
BRITTANY N STIPICH AND OMAR SIDDIQ,2,2,0,8,3,15.38%
HALIE TURIGLIATTI FOR ELLE ENGLISH,1,0,0,2,2,0.00%
DAN SCHREMBECK FOR BEN FUCHS,2,1,0,1,5,14.29%
DANIEL CLEARY FOR ANNA FARAGLIA,1,3,0,2,1,50.00%
ALEX VENEZIA,25,28,0,36,54,23.73%
JACOB SCHETTLER,9,12,0,9,13,35.29%
ANDREA ISABELLA FOR BEN FUCHS,2,2,0,0,2,50.00%
COURTNEY M,2,10,0,4,3,58.82%
JEFFREY M MAVER AND MORGAN AUSTIN,1,2,0,6,1,22.22%
DAN SCHREMBECK FOR BRITTANY STIPICH,1,1,0,0,1,50.00%
THOMAS ROVITO FOR JORDAN MASON,1,1,0,5,1,14.29%
LUKE HABERMEHL FOR ALEXANDRIA SERDARU,1,2,0,0,2,50.00%
MAGGIE GRAHAM FOR ANDREA ISABELLA,1,1,0,0,1,50.00%
JACK DOWLING FOR CARLA NEUHAUSER,1,0,0,6,1,0.00%
DANIEL SCHREMBECK FOR BRITTANY STIPICH,1,0,0,0,3,0.00%
DANIELLE MUSTER FOR CARLA NEUHAUSER,2,1,0,1,8,10.00%
AJALI KANWAR,1,0,0,4,2,0.00%
KENAN MACK FOR BRIAN CALLAHAN,1,2,0,2,2,33.33%
SAMMON FOR MASON,1,2,0,2,1,40.00%
ROCO VERNIA OBOBRIAN CALLAHAN,1,17,0,5,1,73.91%
ALYSSA WAITE FOR JAMES FLANAGAN,1,3,0,6,1,30.00%
KANWAR,1,2,0,0,2,50.00%
CHRISTOPHER WOODWORTH FOR MAKENNA DAUS,1,1,0,1,1,33.33%
JAMIELLE LAMPSON,1,1,0,2,1,25.00%
ANJI KANWAR,7,6,0,27,14,12.77%
AYOUB DAKDOUK FOR DIANA G,1,2,0,2,2,33.33%
LIAM BLAKE FOR ALYSSA WAITE,3,4,0,6,7,23.53%
BART FLANAGAN,9,6,0,12,16,17.65%
JAMES FLANAGAN FOR CHRISTOPHER WOODWORTH,1,0,0,1,1,0.00%
COURTNEY KIRVEN FOR DOMINIC NEVILLE,1,1,0,1,2,25.00%
JACK DOWLING FOR HANNAH BAKER,1,1,0,1,2,25.00%
CARLFELICE,1,1,0,0,3,25.00%
DANIELLE MUSTER FOR THOMAS ROVITO,1,1,0,0,1,50.00%
ALEXANDRIA SERDARU AND ALAINA HIGGINS,1,7,0,0,1,87.50%
PATRICK WHITE FOR ERICA SAMMON,1,2,0,0,1,66.67%
MAGGIE GRAHAM FOR JONATHAN W SAULINE,1,0,0,0,0,0.00%
ELISSA HOPSON FOR JOSHUA MASON,1,0,0,0,4,0.00%
LAUREN MEYER FOR JOSHUA MASON,3,2,0,0,15,11.76%
LAUREN MEYER,8,10,0,11,19,25.00%
ALLISON SERDARU FOR COURTNEY KIRVEN,1,3,0,1,1,60.00%
JORDAN MASON FOR JOSEPH LUCCHESI,2,3,0,1,2,50.00%
CJ FELICE FOR NORA C BRYAN,1,2,0,5,3,20.00%
MIKAYLA ORTIZ FOR JON SAULINE,1,1,0,0,1,50.00%
BRITTANY STIPICH FOR KYLE DILLON,1,3,0,0,1,75.00%
ANDREA ISSABELLA,1,1,0,1,2,25.00%
ELISSA HOPSON FOR BRITTANY N STIPICH,2,3,0,1,3,42.86%
OWEN PATTON FOR BRITTANY STIPICH,1,1,0,0,1,50.00%
DAN SCHREMBECK FOR CARLEY BERMAN,1,0,0,3,1,0.00%
ERIN STONE,1,0,0,7,2,0.00%
NICK FINK FOR LIAM BLAKE,1,1,0,1,1,33.33%
ELISSA HOBSON,1,1,0,1,1,33.33%
JOHN SAULINE FOR M,1,2,0,0,3,40.00%
BITTANY STIPICH,1,1,0,0,2,33.33%
COURTNEY SERDARU FOR ALEXANDRIA SERDARU,1,1,0,0,2,33.33%
CHADWICK P CLEVELAND,4,6,0,10,12,21.43%
DANIEL SCHREMBECK FOR JOSEPH LUCCHESI,1,1,0,1,2,25.00%
CARLA NEUHAUSER FOR MAKENNA DAUS,4,7,0,6,9,31.82%
DOMINIC NEVILLE FOR OWEN M PATTON,1,0,0,2,1,0.00%
MAKENNA DAUS FOR KAREN GREENE,1,3,0,5,1,33.33%
DANIELLE V MUSTER FOR CARLA NEUHAUSER,1,2,0,2,1,40.00%
ERIC SAMMON,1,2,0,2,2,33.33%
JILIAN PITEO,1,2,0,1,1,50.00%
KRYSTAL LEE FOR PATRICK J,1,0,0,0,7,0.00%
CARLA NEUHAUSER FOR JOSEPH LUCCHESI,1,3,0,6,1,30.00%
JONATHAN BLOCK FOR JOHN T DOWLING,1,2,0,2,2,33.33%
JOSHUA MASON FOR LISA J TUROSO,1,0,0,0,6,0.00%
MORGAN AUSTIN FOR BRITTANY STIPICH,2,2,0,2,2,33.33%
MCKENNA DAUS FOR ALLIE SERDARU,1,0,0,0,2,0.00%
SAMI SOHL AND GREGORY PAUL,2,0,0,0,5,0.00%
TOM ROVITO FOR JOE LUCCHESI,1,1,0,0,1,50.00%
CONNOR DAVIN AND COURTNEY KIRVEN,1,0,0,2,1,0.00%
JOSHUA MASON FOR SEAN DRAKE,3,4,0,1,3,50.00%
TIMOTHY TROUP FOR ZACHARY LAFLEUR,1,1,0,0,1,50.00%
CHRISTOPHR WOODWORTH,1,2,0,1,1,50.00%
DANIELLE V MUSTER AND CARLA NEUHAUSER,1,5,0,4,1,50.00%
JAMIELLE LAMSON,2,2,0,3,4,22.22%
DAN SCHREMBECK FOR CARLA NEUHAUSER,1,1,0,0,1,50.00%
TOM ROVITO FOR JORDAN MASON,1,1,0,0,2,33.33%
JOHN SAULINE FOR ALYSSA WAITE,1,2,0,0,1,66.67%
MAALAEA NEWELL FOR MASON MCCARTHY,1,1,0,3,1,20.00%
ERICA SAMMON FOR ALEX VENEZIA,2,5,0,8,3,31.25%
TIMOTHY TROUP AND BRITTANY STIPICH,1,5,0,7,1,38.46%
OWEN PATTON FOR COURTNEY KIRVEN,1,1,0,1,2,25.00%
ELISSA THOMPSON,1,1,0,0,1,50.00%
JOSHUA MASON FOR ELISSA HOPSON,3,2,0,1,7,20.00%
JOHN BLOCK FOR ALYSSA WAITE,1,3,0,2,1,50.00%
DAVID MEREDITH FOR CHLOE ROBINSON,1,3,0,2,2,42.86%
DAN SCHREMBECK FOR ROCCO VERNIA,1,1,0,2,1,25.00%
CHARLIE JOYCE,10,11,0,11,21,25.58%
MASON MCARTHY,1,0,0,0,3,0.00%
ERICA SAMMON FOR JAMES FLANAGAN,1,2,0,3,1,33.33%
LIAM BLAKE FOR ANJALI KANWAR,1,1,0,0,2,33.33%
DAN CLEARY,1,3,0,0,1,75.00%
PATRICK WHITE FORBRANDON PITEO,1,3,0,3,2,37.50%
KRYSTAL LEE OBO STEVE VERNIA,1,1,0,1,1,33.33%
DAN CLEARY AND BRITTANY STIPICH,2,2,0,11,3,12.50%
VERNIA,1,1,0,1,1,33.33%
MIKAYLA ORTIZ FOR BRITTAN YFLETCHER,1,1,0,0,3,25.00%
ZACHARY LAFLEUR AND MAKENNA DAUS,1,0,0,0,6,0.00%
MARTY DIMICHELLE,2,2,0,3,4,22.22%
BEN FUCHS FOR ANDREA ISABELLA,1,1,0,1,1,33.33%
GRANT MORGAN FOR ELISSA HOPSON,1,1,0,2,1,25.00%
BEN FUCHS FOR HANNAH BAKER,1,1,0,0,2,33.33%
THOMAS ROVITO FOR DANIELLE V MUSTER,1,0,0,0,4,0.00%
ERIN M STONE,1,0,0,0,5,0.00%
MALAYAA NEWELL FOR KYLE DILLON,1,0,0,4,1,0.00%
MARTIN DI MICHELE,2,3,0,3,2,37.50%
STEPHEN VERNIA FOR ANJI KANWAR,2,2,0,0,3,40.00%
KRYSTAL LEE FOR BRITANY FLETCHER,1,1,0,0,1,50.00%
OMAR SIDDIQ AND MICHAEL TIMMS,2,0,0,10,2,0.00%
KYLE DILLON FOR ROCCO VERNIA,1,0,0,3,1,0.00%
SARAH J DENNEY,1,0,0,0,13,0.00%
THOMAS ROVITO FOR KENAN MACK,1,0,0,3,1,0.00%
BRAD MEYER FOR BRITTANY STIPICH,1,1,0,0,1,50.00%
JOHN SAULINE FOR LIAM BLAKE,1,4,0,3,2,44.44%
BRITTANY STIPICH FOR SEAN DRAKE,3,1,0,6,4,9.09%
MIKE STECHSCHULTE,1,2,0,0,1,66.67%
CHRISTOPHER WOODWARD FOR COURTNEY KIRVEN,1,0,0,2,1,0.00%
NORA BRYAN AND BRITTANY STIPICH,1,0,0,0,13,0.00%
BART FLANAGAN FOR SEAN DRAKE,1,0,0,5,1,0.00%
DANIEL T SCHREMBECK FOR PAT LIPAJ,1,1,0,0,2,33.33%
ALEC BASHEIN FOR ELISSA HOPSON,1,1,0,0,1,50.00%
DOMINIC NEVILLE FOR LAUREN MEYER,1,1,0,1,2,25.00%
PATRICK WHITE FOR SEAN DRAKE,1,2,0,2,1,40.00%
ROCO VERNIA,3,2,0,1,7,20.00%
DAN SCHREMBECK AND BRITTANY STIPICH,1,1,0,1,1,33.33%
ALEX VENETZIA,1,0,0,0,4,0.00%
ALEC BASHIEN FOR SEAN DRAKE,1,0,0,1,2,0.00%
NICK FINK,3,4,0,1,6,36.36%
LUKE HABERMEHL AND LAUREN MEYER,1,0,0,0,3,0.00%
OWEN M,4,4,0,3,4,36.36%
ALEC BASHIEN,2,3,0,1,2,50.00%
VENEZIA FOR BLAKE,1,1,0,0,1,50.00%
JEFF SCHNATTER,1,0,0,0,6,0.00%
COURTNEY KIRVIN,1,1,0,0,2,33.33%
ANDREW SZCZEPANIK FOR DOMINIC NEVILLE,1,0,0,0,3,0.00%
ALLIE SEDARU,4,5,0,3,15,21.74%
HALIE TURIGLIATTI FOR MAKENNA DAUS,2,6,0,2,2,60.00%
MASON MCCARTHY FOR PATRICK J,1,3,0,13,1,17.65%
ANJILI KANWAR,1,1,0,1,2,25.00%
PAT LAPIJ,1,0,0,0,7,0.00%
ALEC W BASHEIN,13,16,0,20,25,26.23%
GRANT MORGAN FOR KYRIELLE WILLIAMS,1,1,0,1,1,33.33%
JORDAN MASON FOR CARLEY BERMAN,1,2,0,1,1,50.00%
LUKE HABERMEHL FOR ALYSSA WAITE,2,0,0,0,6,0.00%
MARTIN A DIMICHELE FOR ANJALI KANWAR,1,3,0,3,1,42.86%
NORA C,1,1,0,4,1,16.67%
MASON MCCARTHY FOR BRITTANY N STIPICH,1,1,0,0,1,50.00%
ELEANOR WERNER,5,1,0,0,18,5.26%
MARTIN DIMICHELE LUCAS KIRKLAND,1,1,0,6,2,11.11%
ZACK LAFLEUR FOR OWEN PATTON,1,1,0,1,1,33.33%
SALEH AWADALLAH,1,2,0,0,1,66.67%
ANJI KANWAR FOR BLAKE,1,2,0,0,2,50.00%
ANJALI KANWAR FOR CHLOE ROBINSON,3,4,0,0,4,50.00%
BART FLANAGAN FOR ELISSA HOPSON,1,1,0,0,1,50.00%
LISA TUROSO FOR KYRIELLE WILLIAMS,1,1,0,0,3,25.00%
DOMINIC NEVILLE FOR GRANT A,1,1,0,1,2,25.00%
MARTY DIMICHELE,7,8,0,7,12,29.63%
NICK FINK FOR CARLEY BERMAN,2,4,0,6,2,33.33%
PATRICK WHITE FOR DANIELLE MUSTER,1,1,0,2,1,25.00%
CHLOE ROBINSON FOR LUKE KIRKLAND,1,0,0,0,7,0.00%
ALEX VENEZUA,1,1,0,0,1,50.00%
GLEN RAMDHAN FOR ALAINA HAGANS,1,6,0,3,1,60.00%
GREGG PAUL AND NORA BRYAN,1,0,0,1,1,0.00%
BART FLANAGAN FOR PATRICK WHITE,1,1,0,1,1,33.33%
ALAINA HAGGANS,2,0,0,0,11,0.00%
ANNA FARAGLIA AND DANIELLE MUSTER,1,4,0,2,1,57.14%
HALIE TURIGLIATTI AND COURTNEY KIRVEN,1,4,0,3,2,44.44%
STEPHEN ROCCO VERNIA,1,1,0,0,3,25.00%
MARY GRACE TOKMENKO FOR,1,3,0,4,1,37.50%
ANDREW SZCZUPANCIC,1,2,0,1,1,50.00%
JORDAN MASON FOR DANIELLE MUSTER,1,1,0,0,1,50.00%
DOMINIC NEVILLE FOR KYRIELLE WILLIAMS,1,0,0,0,4,0.00%
DANIEL T SCHREMBECK FOR BRITTANY STIPICH,1,2,0,1,1,50.00%
ALEC BASHIEN DAVID MEREDITH,1,1,0,2,3,16.67%
LISA J TUROSO AND KAREN GREENE,1,0,0,0,11,0.00%
DAVE MEREDITH,3,3,0,4,13,15.00%
ANDREW ZUPANCIC FOR ALEXANDRIA SERDARU,2,2,0,2,2,33.33%
LAUREN MEYER FOR DOMINIC NEVILLE,2,3,0,2,4,33.33%
LAUREN MEYER FOR JOSHUA J,3,17,0,13,3,51.52%
MICHAEL STECHSCHULTE FOR HANNAH BAKER,1,3,0,4,1,37.50%
KENAN MACK FOR KRYSTAL LEE,1,3,0,3,1,42.86%
JOSHUA MASON FOR BRITTANY STIPICH,1,1,0,0,1,50.00%
DANIELLE MUSTER FOR PATRICK WHITE,2,2,0,1,2,40.00%
HANNA BAKER,6,5,0,5,13,21.74%
ANDREW SZCZEPANIK AND DOMINIC NEVILLE,1,2,0,2,1,40.00%
ALYSSA WAITE FOR KYRIELLE WILLIAMS,1,2,0,0,1,66.67%
ALYSSA WAITE FOR,1,3,0,0,1,75.00%
ELISSA HOPSON FOR BRITTANY STIPICH,1,1,0,0,1,50.00%
LIAM BLAKE FOR MARTY DIMICHELE,1,1,0,0,3,25.00%
LUKE KIRLAND FOR LIAM BLAKE,1,1,0,1,1,33.33%
AKEX VENEZIA,1,2,0,0,1,66.67%
DOMINIC NEVILLE FOR ANDREW SZCZEPANIK,1,1,0,0,2,33.33%
MARTIN A DIMICHELE FOR LIAM BLAKE,1,2,0,1,1,50.00%
ZACH LAFLEUR,4,4,0,1,11,25.00%
JOE LUCCHESI FOR MICHAEL STECHSCHULTE,1,2,0,3,1,33.33%
SEAN DRAKE FOR ELISSA L,1,1,0,1,1,33.33%
HAILEY TURIGLIATTI FOR MCKENNA DAUS,1,6,0,4,1,54.55%
ZACK LAFLEUR,2,3,0,3,2,37.50%
ANDREW BOYKO AND JOSHUA J,1,0,0,0,4,0.00%
ANJI KNWAR,1,2,0,1,2,40.00%
JOSHUA MASON FOR CHLOE ROBINSON,1,1,0,0,2,33.33%
MAHMOUD S,1,3,0,2,2,42.86%
JEFFREY SCHNATTER,1,2,0,2,1,40.00%
LAUREN MEYER FOR KYRIELLE WILLIAMS,1,1,0,2,2,20.00%
ZACHARY LEFLEUR,2,2,0,1,2,40.00%
GRANT MORGAN FOR DOMINIC NEVILLE,2,3,0,7,2,25.00%
DANIELLE MUSTER OBO ALLIE SEDARU,1,1,0,1,1,33.33%
LIAM BLAKE FOR CHLOE ROBINSON,1,3,0,0,1,75.00%
JOSH MASON FOR ANJI KANWAR,1,3,0,10,2,20.00%
NCHOLAS FINK,1,1,0,2,1,25.00%
KRYSTAL LEE OBO COURTNEY KIRVEN,1,1,0,2,1,25.00%
KERRY SOWUL FOR,1,4,0,4,1,44.44%
HALIE TURIGLIATTI FOR ZACK LAFLEUR,1,2,0,1,2,40.00%
ANDREW SZCZEPANIC,1,1,0,0,1,50.00%
CARLEY BERMAN FOR THOMAS ROVITO,1,2,0,0,1,66.67%
JORDAN MASON FOR ERICA SAMMON,1,0,0,3,2,0.00%
STEVEN SZELAGIEWICZ AND JILLIAN PITEO,1,0,0,0,6,0.00%
CONNOR DAVIN FOR CHLOE ROBINSON,2,4,0,4,5,30.77%
HALIE TURIGLIATTI FOR ZACK LEFLEUR,1,1,0,1,1,33.33%
MARK A,3,3,0,4,6,23.08%
DANIELLE MUSTER FOR COURTNEY M KIRVEN,1,1,0,2,2,20.00%
RENEE BOYLE,2,0,0,0,5,0.00%
JACK DOWLING FOR MICHAEL STECHSCHULTE,1,2,0,7,1,20.00%
PATRICK LIPAJ,6,4,0,10,7,19.05%
MAKENNA DAUS FOR CARLA NEUHAUSER,1,0,0,2,1,0.00%
PATRICK WHITE FOR JAMES FLANAGAN,1,1,0,2,1,25.00%
CHLOE ROBINSON FOR ANJALI KANWAR,1,6,0,5,2,46.15%
OWEN PATTON FOR ZACHARY LAFLEUR,2,3,0,3,3,33.33%
GREGG PAUL,2,0,0,0,9,0.00%
ALEC BASHEIN FOR SEAN DRAKE,1,1,0,1,1,33.33%
PATRICK LIPAI,1,1,0,1,1,33.33%
ANAJLI KANWAR,1,3,0,1,1,60.00%
LUKE KIRKLAND,2,3,0,3,6,25.00%
LUKE HABERMEHL FOR GRANT MORGAN,1,3,0,2,1,50.00%
JORDAN MASON FOR CARLA NEUHAUSER,1,1,0,1,1,33.33%
GLEN RAMHDAN FOR DOMINIC NEVILLE,1,0,0,7,1,0.00%
MARTIN DIMICHELE FOR ANJALI KANWAR,1,1,0,1,1,33.33%
KEVIN CAFFERKEY,1,1,0,2,1,25.00%
ELISSA HOPSON AND,1,1,0,0,1,50.00%
ZACHARY LAFLEUR FOR MAKENNA DAUS,1,1,0,1,2,25.00%
OWEN PATTON AND ZACHARY LAFLEUR,1,0,0,0,2,0.00%
ROCO VERNIA OBO MARY ANN ZAKY,1,1,0,0,1,50.00%
OWEN PATTON FOR ALEXANDRIA SERDARU,1,0,0,10,2,0.00%
ALLIE SEDARU OBO STEPHEN R VERNIA,1,0,0,0,6,0.00%
DANIELLE V MUSTER FOR ALEXANDRIA SERDARU,1,2,0,0,2,50.00%
MIKAYLA ORTIZ FOR BRITTANY FLETCHER,1,1,0,1,1,33.33%
LAUREN MEYERS FOR GRANT MORGAN,1,1,0,0,1,50.00%
JAMES FLANAGAN FOR SEAN DRAKE,1,1,0,0,1,50.00%
ZACHARY LAFLEUR FOR BRITTANY FLETCHER,1,2,0,0,1,66.67%
BROITTANY STIPITCH,1,1,0,0,2,33.33%
ALLIE SEDARU OBO KRYSTAL LEE,1,2,0,0,1,66.67%
BRITTNEY STIPICH,1,1,0,0,1,50.00%
RENEE BOYLE FOR DOMINIC NEVILLE,1,0,0,0,7,0.00%
GRANT MORGAN FOR LUKE HABERMEHL,1,0,0,0,2,0.00%
SEAN DRAKE FOR PATRICK WHITE,1,1,0,0,1,50.00%
LISA MAHER,1,2,0,0,1,66.67%
PATRICK WHITE AND DAVID MEREDITH,1,1,2,0,2,20.00%
MASON MCCARTHY FOR BENJAMIN FUCHS,1,1,0,0,2,33.33%
MCKENNA DAUS FOR BRITTANY FLETCHER,1,3,0,0,1,75.00%
DOMINIC NEVILLE FOR LISA TUROSO,1,1,0,0,1,50.00%
HALIE TURIGLIOTTI FOR CARLA NEUHAUSER,1,1,0,0,1,50.00%
MAKENA DAUS,1,1,0,0,2,33.33%
ZACHARY LAFLEUR FOR OWEN M PATTON,1,0,0,0,7,0.00%
JOHN DOWNLING,1,1,0,0,1,50.00%
BRITTANY STIPICH FOR MASON MCCARTHY,2,3,0,2,4,33.33%
MARTY DI MICHELE,1,1,0,0,1,50.00%
BENJAMIN FUCHS FOR BRANDON PITEO,1,0,0,0,5,0.00%
KRYSTAL LEE AND ELEANOR WERNER,1,0,0,0,3,0.00%
GRANT MORGAN FOR HANNAH BAKER,1,0,0,0,7,0.00%
NICHOLAS FINK FOR ERICA SAMMON,1,1,0,0,1,50.00%
OWEN PATTON FOR HALIE TURIGLIATTI,1,3,0,0,2,60.00%
STEVE VERNIA OBO ALLIE SEDARU,1,1,0,1,2,25.00%
STEPHEN VERNIA FOR ANJALI KANWAR,1,1,0,2,1,25.00%
BRITTANY STIPICH FOR MASON MCACARTHY,1,0,0,0,2,0.00%
DOMINIC NEVELL,1,0,0,3,2,0.00%
KRYSTEL LEE,1,0,0,0,13,0.00%
MICHAEL STECHSCHULTE FOR JACK DOWLING,1,2,0,1,1,50.00%
ALEXANDRIA SERDARU FOR MELISSA A,1,5,0,4,1,50.00%
JOSHUA MASON FOR LUKE HABERMEHL,1,1,0,0,1,50.00%
ANDREW SZCZEPANIK FOR MARYANN ZAKY,1,3,0,0,2,60.00%
ALYSSA WAITE FOR MARTIN DIMICHELLE,1,1,0,1,2,25.00%
MALLORY FREEMAN,1,1,0,1,1,33.33%
JOSHUA MASON FOR LUCAS KIRKLAND,1,2,0,1,3,33.33%
DOMINIC NEVILLE FOR GRANT MORGAN,1,0,0,0,3,0.00%
KRYSTAL LEEL,1,0,0,0,2,0.00%
CRYSTAL LEE FOR DANIELLE V MUSTER,1,3,0,1,1,60.00%
EDWARD R,1,1,0,1,1,33.33%
ELISSA HOPSON FOR GRANT MORGAN,1,2,0,1,1,50.00%
LUKE HABERMEHL FOR JOSHUA MASON,1,1,0,0,1,50.00%
LUKE KIRKLAND FOR LIAM BLAKE,1,2,0,1,1,50.00%
CARLA NEUHAUSER AND OWEN PATTON,1,4,0,7,1,33.33%
ANJALI KANWAR FOR LUCAS KIRKLAND,1,1,0,0,2,33.33%
MEGAN HELTON AND CAROLINE MAVER,1,2,0,0,1,66.67%
ERICA SAMMON FGR JORDAN MASON,1,0,0,0,4,0.00%
KRYSTAL LEE FOR MARYANN ZAKY,2,2,0,2,2,33.33%
JOSH MASON,1,0,0,0,9,0.00%
DAVID MEREDITH FOR ALEC BASHEIN,1,1,0,1,2,25.00%
ELLE ENGLISH FOR MICHAEL STECHSCHULTE,1,3,0,0,2,60.00%
PAT LAPIJ FOR BRITTANY N STIPICH,1,2,0,2,1,40.00%
JOSEPH DOWELL,1,2,0,1,1,50.00%
CAROLINE MAVER AND JACK DOWLING,1,0,0,0,15,0.00%
JOE LUCCHESSI,1,6,0,2,1,66.67%
TIMOTHY TROUP FOR ELISSA HOPSON,1,1,0,0,1,50.00%
DOMINIC NEVILLE BY PHONE,1,0,0,0,2,0.00%
GRANT MORGAN FOR ERICA SAMMON,1,2,0,1,1,50.00%
LUKE HABERMEHL AND RENEE BOYLE FOR ALYSSA WAITE,1,0,0,0,3,0.00%
LUKAS KIRKLAND FOR CHLOE ROBINSON,1,1,0,0,2,33.33%
MALLORY PARKER FOR MIKAYLA ORTIZ,1,1,0,0,1,50.00%
LUKE HABERMEHL FOR BART FLANAGAN,1,3,0,0,1,75.00%
STEPHEN R VERNIA AND DANIELLE MUSTER,1,3,0,1,2,50.00%
ROCCO BERNIA,1,2,0,9,2,15.38%
JCOURTNEY KIRVEN FOR AMES S GALLAGHER,1,0,0,0,2,0.00%
STEVE DEVER,1,5,0,7,2,35.71%
ROCCO VERNIA FOR DANIELLE MUSTER,1,2,0,0,2,50.00%
HALIE TURGLIATTI FOR ZACHARY LAFLEUR,1,1,0,2,1,25.00%
CHAD CLEVELAND FOR KRISTIN KARKUTT,1,0,0,0,6,0.00%
NICHOLAS FINK FOR CARLEY BERMAN,1,1,0,0,2,33.33%
MASON MCCARHY FOR BENJAMIN FUCHS,1,0,0,2,1,0.00%
SAMANTHA SEUL FOR ALEXANDRIA SERDARU,1,0,0,0,7,0.00%
LUKE HABERMEHL FOR KYRIELLE WILLIAMS,2,4,0,4,3,36.36%
DANIELLE MUSTER OBO MARY ANN ZAKY,1,3,0,2,1,50.00%
JACOB COHEN,1,2,0,3,1,33.33%
JOHN T DOWLING AND JOE LUCCHESI,1,0,0,0,3,0.00%
MARK A VENEZIA FOR,1,3,0,4,2,33.33%
NORA BRYAN FOR JAMIELLE M LAMSON,1,0,0,0,6,0.00%
MICHAEL TIMMS AND ELISSA HOPSON,1,1,0,4,1,16.67%
ROCCO VERNIA FOR DANIELLE V MUSTER,1,3,0,2,1,50.00%
LUCAS KIRKLAND FOR EBEN MCNAIR,1,1,0,1,2,25.00%
LISA TUROSO FOR MASON MCCARTHY,1,0,0,0,8,0.00%
DOMINIC NEVILLE FOR JOSHUA MASON,1,4,0,1,2,57.14%
DOMINIC NEVILLE FOR MCKENNA DAUS,1,2,0,1,3,33.33%
JOSHUA MASON FOR GRANT A,1,1,0,1,1,33.33%
ZACH LAFLEUR FOR CARLA NUEHAUSER,1,2,0,0,1,66.67%
MASO NMCCARTHY FOR BRITTANY N STIPICH,1,1,0,0,1,50.00%
HANNAH BAKER FOR BRITTANY STIPICH,1,1,0,0,1,50.00%
ALLISON MCGRATH,1,3,0,6,2,27.27%
MARY ANN ZAKY OBO ALLIE SEDARU,1,1,0,0,2,33.33%
CHLOE ROBINSON FOR LIAM BLAKE,1,1,0,2,1,25.00%
